
> frontend@0.1.0 start
> craco start

Starting the development server...

Compiled with warnings.

[eslint] 
src\components\ShopHeroMosaic.jsx
  Line 95:5:  React Hook useMemo has a missing dependency: 'eligible'. Either include it or remove the dependency array  react-hooks/exhaustive-deps

src\components\admin\ActivationFunnelTab.jsx
  Line 85:6:  React Hook useEffect has a missing dependency: 'load'. Either include it or remove the dependency array  react-hooks/exhaustive-deps

src\components\admin\AdsTab.jsx
  Line 51:67:  React Hook useEffect has missing dependencies: 'days' and 'load'. Either include them or remove the dependency array  react-hooks/exhaustive-deps

src\components\admin\ChatModTab.jsx
  Line 59:81:  React Hook useEffect has a missing dependency: 'refreshMessages'. Either include it or remove the dependency array  react-hooks/exhaustive-deps

src\components\admin\DesignFileReportsTab.jsx
  Line 42:66:  React Hook useEffect has a missing dependency: 'refresh'. Either include it or remove the dependency array  react-hooks/exhaustive-deps

src\components\admin\FounderFunnelTab.jsx
  Line 42:69:  React Hook useEffect has a missing dependency: 'load'. Either include it or remove the dependency array  react-hooks/exhaustive-deps

src\components\admin\MsftRoasCard.jsx
  Line 37:66:  React Hook useEffect has a missing dependency: 'refresh'. Either include it or remove the dependency array  react-hooks/exhaustive-deps

src\components\admin\PayPalEventsTab.jsx
  Line 51:76:  React Hook useEffect has a missing dependency: 'load'. Either include it or remove the dependency array  react-hooks/exhaustive-deps

src\components\admin\PricingLabelAbCard.jsx
  Line 31:36:  React Hook useEffect has a missing dependency: 'load'. Either include it or remove the dependency array  react-hooks/exhaustive-deps

src\components\admin\RefundApprovalsTab.jsx
  Line 34:63:  React Hook useEffect has a missing dependency: 'load'. Either include it or remove the dependency array  react-hooks/exhaustive-deps

src\components\admin\RetentionTab.jsx
  Line 46:68:  React Hook useEffect has a missing dependency: 'load'. Either include it or remove the dependency array                                                                                  react-hooks/exhaustive-deps
  Line 48:9:   The 'rows' logical expression could make the dependencies of useMemo Hook (at line 60) change on every render. To fix this, wrap the initialization of 'rows' in its own useMemo() Hook  react-hooks/exhaustive-deps

src\components\admin\SettingsTab.jsx
  Line 2310:94:  React Hook useEffect has a missing dependency: 'refresh'. Either include it or remove the dependency array            react-hooks/exhaustive-deps
  Line 3011:35:  React Hook useEffect has a missing dependency: 'refresh'. Either include it or remove the dependency array            react-hooks/exhaustive-deps
  Line 3194:63:  React Hook useEffect has a missing dependency: 'load'. Either include it or remove the dependency array               react-hooks/exhaustive-deps
  Line 3487:63:  React Hook useEffect has a missing dependency: 'load'. Either include it or remove the dependency array               react-hooks/exhaustive-deps
  Line 3706:63:  React Hook useEffect has a missing dependency: 'load'. Either include it or remove the dependency array               react-hooks/exhaustive-deps
  Line 3905:63:  React Hook useEffect has a missing dependency: 'load'. Either include it or remove the dependency array               react-hooks/exhaustive-deps
  Line 4173:63:  React Hook useEffect has a missing dependency: 'load'. Either include it or remove the dependency array               react-hooks/exhaustive-deps
  Line 4718:70:  React Hook useEffect has a missing dependency: 'loadPreview'. Either include it or remove the dependency array        react-hooks/exhaustive-deps
  Line 5015:67:  React Hook useEffect has missing dependencies: 'days' and 'load'. Either include them or remove the dependency array  react-hooks/exhaustive-deps
  Line 5430:69:  React Hook useEffect has a missing dependency: 'load'. Either include it or remove the dependency array               react-hooks/exhaustive-deps

src\components\admin\UsersTab.jsx
  Line 42:94:  React Hook useEffect has a missing dependency: 'refresh'. Either include it or remove the dependency array  react-hooks/exhaustive-deps

src\lib\seo.js
  Line 169:6:  React Hook useEffect has a missing dependency: 'jsonLd'. Either include it or remove the dependency array                                 react-hooks/exhaustive-deps
  Line 169:7:  React Hook useEffect has a complex expression in the dependency array. Extract it to a separate variable so it can be statically checked  react-hooks/exhaustive-deps

src\pages\AccountDeletePage.jsx
  Line 51:40:  React Hook useEffect has a missing dependency: 'loadStatus'. Either include it or remove the dependency array  react-hooks/exhaustive-deps

src\pages\CommunityPage.jsx
  Line 2979:66:  React Hook useEffect has a missing dependency: 'refresh'. Either include it or remove the dependency array                                                                                           react-hooks/exhaustive-deps
  Line 3337:35:  React Hook useEffect has a missing dependency: 'refresh'. Either include it or remove the dependency array                                                                                           react-hooks/exhaustive-deps
  Line 3592:9:   The 'messages' logical expression could make the dependencies of useEffect Hook (at line 3598) change on every render. To fix this, wrap the initialization of 'messages' in its own useMemo() Hook  react-hooks/exhaustive-deps
  Line 3664:6:   React Hook useEffect has a missing dependency: 'tokenForChannel'. Either include it or remove the dependency array                                                                                   react-hooks/exhaustive-deps

src\pages\MakerDashboard\CoachTab.jsx
  Line 48:6:  React Hook useEffect has a missing dependency: 'selectedSlug'. Either include it or remove the dependency array  react-hooks/exhaustive-deps

src\pages\MakerDashboard\PromoteWizard.jsx
  Line 116:6:  React Hook useEffect has missing dependencies: 'budgetCents' and 'goal'. Either include them or remove the dependency array  react-hooks/exhaustive-deps

Search for the keywords to learn more about each warning.
To ignore, add // eslint-disable-next-line to the line before.

[1m[33mWARNING[39m[22m in [1m[eslint] 
src\components\ShopHeroMosaic.jsx
  Line 95:5:  React Hook useMemo has a missing dependency: 'eligible'. Either include it or remove the dependency array  react-hooks/exhaustive-deps

src\components\admin\ActivationFunnelTab.jsx
  Line 85:6:  React Hook useEffect has a missing dependency: 'load'. Either include it or remove the dependency array  react-hooks/exhaustive-deps

src\components\admin\AdsTab.jsx
  Line 51:67:  React Hook useEffect has missing dependencies: 'days' and 'load'. Either include them or remove the dependency array  react-hooks/exhaustive-deps

src\components\admin\ChatModTab.jsx
  Line 59:81:  React Hook useEffect has a missing dependency: 'refreshMessages'. Either include it or remove the dependency array  react-hooks/exhaustive-deps

src\components\admin\DesignFileReportsTab.jsx
  Line 42:66:  React Hook useEffect has a missing dependency: 'refresh'. Either include it or remove the dependency array  react-hooks/exhaustive-deps

src\components\admin\FounderFunnelTab.jsx
  Line 42:69:  React Hook useEffect has a missing dependency: 'load'. Either include it or remove the dependency array  react-hooks/exhaustive-deps

src\components\admin\MsftRoasCard.jsx
  Line 37:66:  React Hook useEffect has a missing dependency: 'refresh'. Either include it or remove the dependency array  react-hooks/exhaustive-deps

src\components\admin\PayPalEventsTab.jsx
  Line 51:76:  React Hook useEffect has a missing dependency: 'load'. Either include it or remove the dependency array  react-hooks/exhaustive-deps

src\components\admin\PricingLabelAbCard.jsx
  Line 31:36:  React Hook useEffect has a missing dependency: 'load'. Either include it or remove the dependency array  react-hooks/exhaustive-deps

src\components\admin\RefundApprovalsTab.jsx
  Line 34:63:  React Hook useEffect has a missing dependency: 'load'. Either include it or remove the dependency array  react-hooks/exhaustive-deps

src\components\admin\RetentionTab.jsx
  Line 46:68:  React Hook useEffect has a missing dependency: 'load'. Either include it or remove the dependency array                                                                                  react-hooks/exhaustive-deps
  Line 48:9:   The 'rows' logical expression could make the dependencies of useMemo Hook (at line 60) change on every render. To fix this, wrap the initialization of 'rows' in its own useMemo() Hook  react-hooks/exhaustive-deps

src\components\admin\SettingsTab.jsx
  Line 2310:94:  React Hook useEffect has a missing dependency: 'refresh'. Either include it or remove the dependency array            react-hooks/exhaustive-deps
  Line 3011:35:  React Hook useEffect has a missing dependency: 'refresh'. Either include it or remove the dependency array            react-hooks/exhaustive-deps
  Line 3194:63:  React Hook useEffect has a missing dependency: 'load'. Either include it or remove the dependency array               react-hooks/exhaustive-deps
  Line 3487:63:  React Hook useEffect has a missing dependency: 'load'. Either include it or remove the dependency array               react-hooks/exhaustive-deps
  Line 3706:63:  React Hook useEffect has a missing dependency: 'load'. Either include it or remove the dependency array               react-hooks/exhaustive-deps
  Line 3905:63:  React Hook useEffect has a missing dependency: 'load'. Either include it or remove the dependency array               react-hooks/exhaustive-deps
  Line 4173:63:  React Hook useEffect has a missing dependency: 'load'. Either include it or remove the dependency array               react-hooks/exhaustive-deps
  Line 4718:70:  React Hook useEffect has a missing dependency: 'loadPreview'. Either include it or remove the dependency array        react-hooks/exhaustive-deps
  Line 5015:67:  React Hook useEffect has missing dependencies: 'days' and 'load'. Either include them or remove the dependency array  react-hooks/exhaustive-deps
  Line 5430:69:  React Hook useEffect has a missing dependency: 'load'. Either include it or remove the dependency array               react-hooks/exhaustive-deps

src\components\admin\UsersTab.jsx
  Line 42:94:  React Hook useEffect has a missing dependency: 'refresh'. Either include it or remove the dependency array  react-hooks/exhaustive-deps

src\lib\seo.js
  Line 169:6:  React Hook useEffect has a missing dependency: 'jsonLd'. Either include it or remove the dependency array                                 react-hooks/exhaustive-deps
  Line 169:7:  React Hook useEffect has a complex expression in the dependency array. Extract it to a separate variable so it can be statically checked  react-hooks/exhaustive-deps

src\pages\AccountDeletePage.jsx
  Line 51:40:  React Hook useEffect has a missing dependency: 'loadStatus'. Either include it or remove the dependency array  react-hooks/exhaustive-deps

src\pages\CommunityPage.jsx
  Line 2979:66:  React Hook useEffect has a missing dependency: 'refresh'. Either include it or remove the dependency array                                                                                           react-hooks/exhaustive-deps
  Line 3337:35:  React Hook useEffect has a missing dependency: 'refresh'. Either include it or remove the dependency array                                                                                           react-hooks/exhaustive-deps
  Line 3592:9:   The 'messages' logical expression could make the dependencies of useEffect Hook (at line 3598) change on every render. To fix this, wrap the initialization of 'messages' in its own useMemo() Hook  react-hooks/exhaustive-deps
  Line 3664:6:   React Hook useEffect has a missing dependency: 'tokenForChannel'. Either include it or remove the dependency array                                                                                   react-hooks/exhaustive-deps

src\pages\MakerDashboard\CoachTab.jsx
  Line 48:6:  React Hook useEffect has a missing dependency: 'selectedSlug'. Either include it or remove the dependency array  react-hooks/exhaustive-deps

src\pages\MakerDashboard\PromoteWizard.jsx
  Line 116:6:  React Hook useEffect has missing dependencies: 'budgetCents' and 'goal'. Either include them or remove the dependency array  react-hooks/exhaustive-deps

[39m[22m

webpack compiled with [1m[33m1 warning[39m[22m

> frontend@0.1.0 start
> craco start

Something is already running on port 3000.

> frontend@0.1.0 start
> craco start

Starting the development server...

Compiled with warnings.

[eslint] 
src\components\ShopHeroMosaic.jsx
  Line 95:5:  React Hook useMemo has a missing dependency: 'eligible'. Either include it or remove the dependency array  react-hooks/exhaustive-deps

src\components\admin\ActivationFunnelTab.jsx
  Line 85:6:  React Hook useEffect has a missing dependency: 'load'. Either include it or remove the dependency array  react-hooks/exhaustive-deps

src\components\admin\AdsTab.jsx
  Line 51:67:  React Hook useEffect has missing dependencies: 'days' and 'load'. Either include them or remove the dependency array  react-hooks/exhaustive-deps

src\components\admin\ChatModTab.jsx
  Line 59:81:  React Hook useEffect has a missing dependency: 'refreshMessages'. Either include it or remove the dependency array  react-hooks/exhaustive-deps

src\components\admin\DesignFileReportsTab.jsx
  Line 42:66:  React Hook useEffect has a missing dependency: 'refresh'. Either include it or remove the dependency array  react-hooks/exhaustive-deps

src\components\admin\FounderFunnelTab.jsx
  Line 42:69:  React Hook useEffect has a missing dependency: 'load'. Either include it or remove the dependency array  react-hooks/exhaustive-deps

src\components\admin\MsftRoasCard.jsx
  Line 37:66:  React Hook useEffect has a missing dependency: 'refresh'. Either include it or remove the dependency array  react-hooks/exhaustive-deps

src\components\admin\PayPalEventsTab.jsx
  Line 51:76:  React Hook useEffect has a missing dependency: 'load'. Either include it or remove the dependency array  react-hooks/exhaustive-deps

src\components\admin\PricingLabelAbCard.jsx
  Line 31:36:  React Hook useEffect has a missing dependency: 'load'. Either include it or remove the dependency array  react-hooks/exhaustive-deps

src\components\admin\RefundApprovalsTab.jsx
  Line 34:63:  React Hook useEffect has a missing dependency: 'load'. Either include it or remove the dependency array  react-hooks/exhaustive-deps

src\components\admin\RetentionTab.jsx
  Line 46:68:  React Hook useEffect has a missing dependency: 'load'. Either include it or remove the dependency array                                                                                  react-hooks/exhaustive-deps
  Line 48:9:   The 'rows' logical expression could make the dependencies of useMemo Hook (at line 60) change on every render. To fix this, wrap the initialization of 'rows' in its own useMemo() Hook  react-hooks/exhaustive-deps

src\components\admin\SettingsTab.jsx
  Line 2310:94:  React Hook useEffect has a missing dependency: 'refresh'. Either include it or remove the dependency array            react-hooks/exhaustive-deps
  Line 3011:35:  React Hook useEffect has a missing dependency: 'refresh'. Either include it or remove the dependency array            react-hooks/exhaustive-deps
  Line 3194:63:  React Hook useEffect has a missing dependency: 'load'. Either include it or remove the dependency array               react-hooks/exhaustive-deps
  Line 3487:63:  React Hook useEffect has a missing dependency: 'load'. Either include it or remove the dependency array               react-hooks/exhaustive-deps
  Line 3706:63:  React Hook useEffect has a missing dependency: 'load'. Either include it or remove the dependency array               react-hooks/exhaustive-deps
  Line 3905:63:  React Hook useEffect has a missing dependency: 'load'. Either include it or remove the dependency array               react-hooks/exhaustive-deps
  Line 4173:63:  React Hook useEffect has a missing dependency: 'load'. Either include it or remove the dependency array               react-hooks/exhaustive-deps
  Line 4718:70:  React Hook useEffect has a missing dependency: 'loadPreview'. Either include it or remove the dependency array        react-hooks/exhaustive-deps
  Line 5015:67:  React Hook useEffect has missing dependencies: 'days' and 'load'. Either include them or remove the dependency array  react-hooks/exhaustive-deps
  Line 5430:69:  React Hook useEffect has a missing dependency: 'load'. Either include it or remove the dependency array               react-hooks/exhaustive-deps

src\components\admin\UsersTab.jsx
  Line 42:94:  React Hook useEffect has a missing dependency: 'refresh'. Either include it or remove the dependency array  react-hooks/exhaustive-deps

src\lib\seo.js
  Line 169:6:  React Hook useEffect has a missing dependency: 'jsonLd'. Either include it or remove the dependency array                                 react-hooks/exhaustive-deps
  Line 169:7:  React Hook useEffect has a complex expression in the dependency array. Extract it to a separate variable so it can be statically checked  react-hooks/exhaustive-deps

src\pages\AccountDeletePage.jsx
  Line 51:40:  React Hook useEffect has a missing dependency: 'loadStatus'. Either include it or remove the dependency array  react-hooks/exhaustive-deps

src\pages\CommunityPage.jsx
  Line 2979:66:  React Hook useEffect has a missing dependency: 'refresh'. Either include it or remove the dependency array                                                                                           react-hooks/exhaustive-deps
  Line 3337:35:  React Hook useEffect has a missing dependency: 'refresh'. Either include it or remove the dependency array                                                                                           react-hooks/exhaustive-deps
  Line 3592:9:   The 'messages' logical expression could make the dependencies of useEffect Hook (at line 3598) change on every render. To fix this, wrap the initialization of 'messages' in its own useMemo() Hook  react-hooks/exhaustive-deps
  Line 3664:6:   React Hook useEffect has a missing dependency: 'tokenForChannel'. Either include it or remove the dependency array                                                                                   react-hooks/exhaustive-deps

src\pages\MakerDashboard\CoachTab.jsx
  Line 48:6:  React Hook useEffect has a missing dependency: 'selectedSlug'. Either include it or remove the dependency array  react-hooks/exhaustive-deps

src\pages\MakerDashboard\PromoteWizard.jsx
  Line 116:6:  React Hook useEffect has missing dependencies: 'budgetCents' and 'goal'. Either include them or remove the dependency array  react-hooks/exhaustive-deps

Search for the keywords to learn more about each warning.
To ignore, add // eslint-disable-next-line to the line before.

[1m[33mWARNING[39m[22m in [1m[eslint] 
src\components\ShopHeroMosaic.jsx
  Line 95:5:  React Hook useMemo has a missing dependency: 'eligible'. Either include it or remove the dependency array  react-hooks/exhaustive-deps

src\components\admin\ActivationFunnelTab.jsx
  Line 85:6:  React Hook useEffect has a missing dependency: 'load'. Either include it or remove the dependency array  react-hooks/exhaustive-deps

src\components\admin\AdsTab.jsx
  Line 51:67:  React Hook useEffect has missing dependencies: 'days' and 'load'. Either include them or remove the dependency array  react-hooks/exhaustive-deps

src\components\admin\ChatModTab.jsx
  Line 59:81:  React Hook useEffect has a missing dependency: 'refreshMessages'. Either include it or remove the dependency array  react-hooks/exhaustive-deps

src\components\admin\DesignFileReportsTab.jsx
  Line 42:66:  React Hook useEffect has a missing dependency: 'refresh'. Either include it or remove the dependency array  react-hooks/exhaustive-deps

src\components\admin\FounderFunnelTab.jsx
  Line 42:69:  React Hook useEffect has a missing dependency: 'load'. Either include it or remove the dependency array  react-hooks/exhaustive-deps

src\components\admin\MsftRoasCard.jsx
  Line 37:66:  React Hook useEffect has a missing dependency: 'refresh'. Either include it or remove the dependency array  react-hooks/exhaustive-deps

src\components\admin\PayPalEventsTab.jsx
  Line 51:76:  React Hook useEffect has a missing dependency: 'load'. Either include it or remove the dependency array  react-hooks/exhaustive-deps

src\components\admin\PricingLabelAbCard.jsx
  Line 31:36:  React Hook useEffect has a missing dependency: 'load'. Either include it or remove the dependency array  react-hooks/exhaustive-deps

src\components\admin\RefundApprovalsTab.jsx
  Line 34:63:  React Hook useEffect has a missing dependency: 'load'. Either include it or remove the dependency array  react-hooks/exhaustive-deps

src\components\admin\RetentionTab.jsx
  Line 46:68:  React Hook useEffect has a missing dependency: 'load'. Either include it or remove the dependency array                                                                                  react-hooks/exhaustive-deps
  Line 48:9:   The 'rows' logical expression could make the dependencies of useMemo Hook (at line 60) change on every render. To fix this, wrap the initialization of 'rows' in its own useMemo() Hook  react-hooks/exhaustive-deps

src\components\admin\SettingsTab.jsx
  Line 2310:94:  React Hook useEffect has a missing dependency: 'refresh'. Either include it or remove the dependency array            react-hooks/exhaustive-deps
  Line 3011:35:  React Hook useEffect has a missing dependency: 'refresh'. Either include it or remove the dependency array            react-hooks/exhaustive-deps
  Line 3194:63:  React Hook useEffect has a missing dependency: 'load'. Either include it or remove the dependency array               react-hooks/exhaustive-deps
  Line 3487:63:  React Hook useEffect has a missing dependency: 'load'. Either include it or remove the dependency array               react-hooks/exhaustive-deps
  Line 3706:63:  React Hook useEffect has a missing dependency: 'load'. Either include it or remove the dependency array               react-hooks/exhaustive-deps
  Line 3905:63:  React Hook useEffect has a missing dependency: 'load'. Either include it or remove the dependency array               react-hooks/exhaustive-deps
  Line 4173:63:  React Hook useEffect has a missing dependency: 'load'. Either include it or remove the dependency array               react-hooks/exhaustive-deps
  Line 4718:70:  React Hook useEffect has a missing dependency: 'loadPreview'. Either include it or remove the dependency array        react-hooks/exhaustive-deps
  Line 5015:67:  React Hook useEffect has missing dependencies: 'days' and 'load'. Either include them or remove the dependency array  react-hooks/exhaustive-deps
  Line 5430:69:  React Hook useEffect has a missing dependency: 'load'. Either include it or remove the dependency array               react-hooks/exhaustive-deps

src\components\admin\UsersTab.jsx
  Line 42:94:  React Hook useEffect has a missing dependency: 'refresh'. Either include it or remove the dependency array  react-hooks/exhaustive-deps

src\lib\seo.js
  Line 169:6:  React Hook useEffect has a missing dependency: 'jsonLd'. Either include it or remove the dependency array                                 react-hooks/exhaustive-deps
  Line 169:7:  React Hook useEffect has a complex expression in the dependency array. Extract it to a separate variable so it can be statically checked  react-hooks/exhaustive-deps

src\pages\AccountDeletePage.jsx
  Line 51:40:  React Hook useEffect has a missing dependency: 'loadStatus'. Either include it or remove the dependency array  react-hooks/exhaustive-deps

src\pages\CommunityPage.jsx
  Line 2979:66:  React Hook useEffect has a missing dependency: 'refresh'. Either include it or remove the dependency array                                                                                           react-hooks/exhaustive-deps
  Line 3337:35:  React Hook useEffect has a missing dependency: 'refresh'. Either include it or remove the dependency array                                                                                           react-hooks/exhaustive-deps
  Line 3592:9:   The 'messages' logical expression could make the dependencies of useEffect Hook (at line 3598) change on every render. To fix this, wrap the initialization of 'messages' in its own useMemo() Hook  react-hooks/exhaustive-deps
  Line 3664:6:   React Hook useEffect has a missing dependency: 'tokenForChannel'. Either include it or remove the dependency array                                                                                   react-hooks/exhaustive-deps

src\pages\MakerDashboard\CoachTab.jsx
  Line 48:6:  React Hook useEffect has a missing dependency: 'selectedSlug'. Either include it or remove the dependency array  react-hooks/exhaustive-deps

src\pages\MakerDashboard\PromoteWizard.jsx
  Line 116:6:  React Hook useEffect has missing dependencies: 'budgetCents' and 'goal'. Either include them or remove the dependency array  react-hooks/exhaustive-deps

[39m[22m

webpack compiled with [1m[33m1 warning[39m[22m
Compiling...
Compiled with warnings.

[eslint] 
src\components\ShopHeroMosaic.jsx
  Line 95:5:  React Hook useMemo has a missing dependency: 'eligible'. Either include it or remove the dependency array  react-hooks/exhaustive-deps

src\components\admin\ActivationFunnelTab.jsx
  Line 85:6:  React Hook useEffect has a missing dependency: 'load'. Either include it or remove the dependency array  react-hooks/exhaustive-deps

src\components\admin\AdsTab.jsx
  Line 51:67:  React Hook useEffect has missing dependencies: 'days' and 'load'. Either include them or remove the dependency array  react-hooks/exhaustive-deps

src\components\admin\ChatModTab.jsx
  Line 59:81:  React Hook useEffect has a missing dependency: 'refreshMessages'. Either include it or remove the dependency array  react-hooks/exhaustive-deps

src\components\admin\DesignFileReportsTab.jsx
  Line 42:66:  React Hook useEffect has a missing dependency: 'refresh'. Either include it or remove the dependency array  react-hooks/exhaustive-deps

src\components\admin\FounderFunnelTab.jsx
  Line 42:69:  React Hook useEffect has a missing dependency: 'load'. Either include it or remove the dependency array  react-hooks/exhaustive-deps

src\components\admin\MsftRoasCard.jsx
  Line 37:66:  React Hook useEffect has a missing dependency: 'refresh'. Either include it or remove the dependency array  react-hooks/exhaustive-deps

src\components\admin\PayPalEventsTab.jsx
  Line 51:76:  React Hook useEffect has a missing dependency: 'load'. Either include it or remove the dependency array  react-hooks/exhaustive-deps

src\components\admin\PricingLabelAbCard.jsx
  Line 31:36:  React Hook useEffect has a missing dependency: 'load'. Either include it or remove the dependency array  react-hooks/exhaustive-deps

src\components\admin\RefundApprovalsTab.jsx
  Line 34:63:  React Hook useEffect has a missing dependency: 'load'. Either include it or remove the dependency array  react-hooks/exhaustive-deps

src\components\admin\RetentionTab.jsx
  Line 46:68:  React Hook useEffect has a missing dependency: 'load'. Either include it or remove the dependency array                                                                                  react-hooks/exhaustive-deps
  Line 48:9:   The 'rows' logical expression could make the dependencies of useMemo Hook (at line 60) change on every render. To fix this, wrap the initialization of 'rows' in its own useMemo() Hook  react-hooks/exhaustive-deps

src\components\admin\SettingsTab.jsx
  Line 2310:94:  React Hook useEffect has a missing dependency: 'refresh'. Either include it or remove the dependency array            react-hooks/exhaustive-deps
  Line 3011:35:  React Hook useEffect has a missing dependency: 'refresh'. Either include it or remove the dependency array            react-hooks/exhaustive-deps
  Line 3194:63:  React Hook useEffect has a missing dependency: 'load'. Either include it or remove the dependency array               react-hooks/exhaustive-deps
  Line 3487:63:  React Hook useEffect has a missing dependency: 'load'. Either include it or remove the dependency array               react-hooks/exhaustive-deps
  Line 3706:63:  React Hook useEffect has a missing dependency: 'load'. Either include it or remove the dependency array               react-hooks/exhaustive-deps
  Line 3905:63:  React Hook useEffect has a missing dependency: 'load'. Either include it or remove the dependency array               react-hooks/exhaustive-deps
  Line 4173:63:  React Hook useEffect has a missing dependency: 'load'. Either include it or remove the dependency array               react-hooks/exhaustive-deps
  Line 4718:70:  React Hook useEffect has a missing dependency: 'loadPreview'. Either include it or remove the dependency array        react-hooks/exhaustive-deps
  Line 5015:67:  React Hook useEffect has missing dependencies: 'days' and 'load'. Either include them or remove the dependency array  react-hooks/exhaustive-deps
  Line 5430:69:  React Hook useEffect has a missing dependency: 'load'. Either include it or remove the dependency array               react-hooks/exhaustive-deps

src\components\admin\UsersTab.jsx
  Line 42:94:  React Hook useEffect has a missing dependency: 'refresh'. Either include it or remove the dependency array  react-hooks/exhaustive-deps

src\lib\seo.js
  Line 169:6:  React Hook useEffect has a missing dependency: 'jsonLd'. Either include it or remove the dependency array                                 react-hooks/exhaustive-deps
  Line 169:7:  React Hook useEffect has a complex expression in the dependency array. Extract it to a separate variable so it can be statically checked  react-hooks/exhaustive-deps

src\pages\AccountDeletePage.jsx
  Line 51:40:  React Hook useEffect has a missing dependency: 'loadStatus'. Either include it or remove the dependency array  react-hooks/exhaustive-deps

src\pages\CommunityPage.jsx
  Line 2979:66:  React Hook useEffect has a missing dependency: 'refresh'. Either include it or remove the dependency array                                                                                           react-hooks/exhaustive-deps
  Line 3337:35:  React Hook useEffect has a missing dependency: 'refresh'. Either include it or remove the dependency array                                                                                           react-hooks/exhaustive-deps
  Line 3592:9:   The 'messages' logical expression could make the dependencies of useEffect Hook (at line 3598) change on every render. To fix this, wrap the initialization of 'messages' in its own useMemo() Hook  react-hooks/exhaustive-deps
  Line 3664:6:   React Hook useEffect has a missing dependency: 'tokenForChannel'. Either include it or remove the dependency array                                                                                   react-hooks/exhaustive-deps

src\pages\MakerDashboard\CoachTab.jsx
  Line 48:6:  React Hook useEffect has a missing dependency: 'selectedSlug'. Either include it or remove the dependency array  react-hooks/exhaustive-deps

src\pages\MakerDashboard\PromoteWizard.jsx
  Line 116:6:  React Hook useEffect has missing dependencies: 'budgetCents' and 'goal'. Either include them or remove the dependency array  react-hooks/exhaustive-deps

Search for the keywords to learn more about each warning.
To ignore, add // eslint-disable-next-line to the line before.

[1m[33mWARNING[39m[22m in [1m[eslint] 
src\components\ShopHeroMosaic.jsx
  Line 95:5:  React Hook useMemo has a missing dependency: 'eligible'. Either include it or remove the dependency array  react-hooks/exhaustive-deps

src\components\admin\ActivationFunnelTab.jsx
  Line 85:6:  React Hook useEffect has a missing dependency: 'load'. Either include it or remove the dependency array  react-hooks/exhaustive-deps

src\components\admin\AdsTab.jsx
  Line 51:67:  React Hook useEffect has missing dependencies: 'days' and 'load'. Either include them or remove the dependency array  react-hooks/exhaustive-deps

src\components\admin\ChatModTab.jsx
  Line 59:81:  React Hook useEffect has a missing dependency: 'refreshMessages'. Either include it or remove the dependency array  react-hooks/exhaustive-deps

src\components\admin\DesignFileReportsTab.jsx
  Line 42:66:  React Hook useEffect has a missing dependency: 'refresh'. Either include it or remove the dependency array  react-hooks/exhaustive-deps

src\components\admin\FounderFunnelTab.jsx
  Line 42:69:  React Hook useEffect has a missing dependency: 'load'. Either include it or remove the dependency array  react-hooks/exhaustive-deps

src\components\admin\MsftRoasCard.jsx
  Line 37:66:  React Hook useEffect has a missing dependency: 'refresh'. Either include it or remove the dependency array  react-hooks/exhaustive-deps

src\components\admin\PayPalEventsTab.jsx
  Line 51:76:  React Hook useEffect has a missing dependency: 'load'. Either include it or remove the dependency array  react-hooks/exhaustive-deps

src\components\admin\PricingLabelAbCard.jsx
  Line 31:36:  React Hook useEffect has a missing dependency: 'load'. Either include it or remove the dependency array  react-hooks/exhaustive-deps

src\components\admin\RefundApprovalsTab.jsx
  Line 34:63:  React Hook useEffect has a missing dependency: 'load'. Either include it or remove the dependency array  react-hooks/exhaustive-deps

src\components\admin\RetentionTab.jsx
  Line 46:68:  React Hook useEffect has a missing dependency: 'load'. Either include it or remove the dependency array                                                                                  react-hooks/exhaustive-deps
  Line 48:9:   The 'rows' logical expression could make the dependencies of useMemo Hook (at line 60) change on every render. To fix this, wrap the initialization of 'rows' in its own useMemo() Hook  react-hooks/exhaustive-deps

src\components\admin\SettingsTab.jsx
  Line 2310:94:  React Hook useEffect has a missing dependency: 'refresh'. Either include it or remove the dependency array            react-hooks/exhaustive-deps
  Line 3011:35:  React Hook useEffect has a missing dependency: 'refresh'. Either include it or remove the dependency array            react-hooks/exhaustive-deps
  Line 3194:63:  React Hook useEffect has a missing dependency: 'load'. Either include it or remove the dependency array               react-hooks/exhaustive-deps
  Line 3487:63:  React Hook useEffect has a missing dependency: 'load'. Either include it or remove the dependency array               react-hooks/exhaustive-deps
  Line 3706:63:  React Hook useEffect has a missing dependency: 'load'. Either include it or remove the dependency array               react-hooks/exhaustive-deps
  Line 3905:63:  React Hook useEffect has a missing dependency: 'load'. Either include it or remove the dependency array               react-hooks/exhaustive-deps
  Line 4173:63:  React Hook useEffect has a missing dependency: 'load'. Either include it or remove the dependency array               react-hooks/exhaustive-deps
  Line 4718:70:  React Hook useEffect has a missing dependency: 'loadPreview'. Either include it or remove the dependency array        react-hooks/exhaustive-deps
  Line 5015:67:  React Hook useEffect has missing dependencies: 'days' and 'load'. Either include them or remove the dependency array  react-hooks/exhaustive-deps
  Line 5430:69:  React Hook useEffect has a missing dependency: 'load'. Either include it or remove the dependency array               react-hooks/exhaustive-deps

src\components\admin\UsersTab.jsx
  Line 42:94:  React Hook useEffect has a missing dependency: 'refresh'. Either include it or remove the dependency array  react-hooks/exhaustive-deps

src\lib\seo.js
  Line 169:6:  React Hook useEffect has a missing dependency: 'jsonLd'. Either include it or remove the dependency array                                 react-hooks/exhaustive-deps
  Line 169:7:  React Hook useEffect has a complex expression in the dependency array. Extract it to a separate variable so it can be statically checked  react-hooks/exhaustive-deps

src\pages\AccountDeletePage.jsx
  Line 51:40:  React Hook useEffect has a missing dependency: 'loadStatus'. Either include it or remove the dependency array  react-hooks/exhaustive-deps

src\pages\CommunityPage.jsx
  Line 2979:66:  React Hook useEffect has a missing dependency: 'refresh'. Either include it or remove the dependency array                                                                                           react-hooks/exhaustive-deps
  Line 3337:35:  React Hook useEffect has a missing dependency: 'refresh'. Either include it or remove the dependency array                                                                                           react-hooks/exhaustive-deps
  Line 3592:9:   The 'messages' logical expression could make the dependencies of useEffect Hook (at line 3598) change on every render. To fix this, wrap the initialization of 'messages' in its own useMemo() Hook  react-hooks/exhaustive-deps
  Line 3664:6:   React Hook useEffect has a missing dependency: 'tokenForChannel'. Either include it or remove the dependency array                                                                                   react-hooks/exhaustive-deps

src\pages\MakerDashboard\CoachTab.jsx
  Line 48:6:  React Hook useEffect has a missing dependency: 'selectedSlug'. Either include it or remove the dependency array  react-hooks/exhaustive-deps

src\pages\MakerDashboard\PromoteWizard.jsx
  Line 116:6:  React Hook useEffect has missing dependencies: 'budgetCents' and 'goal'. Either include them or remove the dependency array  react-hooks/exhaustive-deps

[39m[22m

webpack compiled with [1m[33m1 warning[39m[22m
Compiling...
Compiled with warnings.

[eslint] 
src\components\ShopHeroMosaic.jsx
  Line 95:5:  React Hook useMemo has a missing dependency: 'eligible'. Either include it or remove the dependency array  react-hooks/exhaustive-deps

src\components\admin\ActivationFunnelTab.jsx
  Line 85:6:  React Hook useEffect has a missing dependency: 'load'. Either include it or remove the dependency array  react-hooks/exhaustive-deps

src\components\admin\AdsTab.jsx
  Line 51:67:  React Hook useEffect has missing dependencies: 'days' and 'load'. Either include them or remove the dependency array  react-hooks/exhaustive-deps

src\components\admin\ChatModTab.jsx
  Line 59:81:  React Hook useEffect has a missing dependency: 'refreshMessages'. Either include it or remove the dependency array  react-hooks/exhaustive-deps

src\components\admin\DesignFileReportsTab.jsx
  Line 42:66:  React Hook useEffect has a missing dependency: 'refresh'. Either include it or remove the dependency array  react-hooks/exhaustive-deps

src\components\admin\FounderFunnelTab.jsx
  Line 42:69:  React Hook useEffect has a missing dependency: 'load'. Either include it or remove the dependency array  react-hooks/exhaustive-deps

src\components\admin\MsftRoasCard.jsx
  Line 37:66:  React Hook useEffect has a missing dependency: 'refresh'. Either include it or remove the dependency array  react-hooks/exhaustive-deps

src\components\admin\PayPalEventsTab.jsx
  Line 51:76:  React Hook useEffect has a missing dependency: 'load'. Either include it or remove the dependency array  react-hooks/exhaustive-deps

src\components\admin\PricingLabelAbCard.jsx
  Line 31:36:  React Hook useEffect has a missing dependency: 'load'. Either include it or remove the dependency array  react-hooks/exhaustive-deps

src\components\admin\RefundApprovalsTab.jsx
  Line 34:63:  React Hook useEffect has a missing dependency: 'load'. Either include it or remove the dependency array  react-hooks/exhaustive-deps

src\components\admin\RetentionTab.jsx
  Line 46:68:  React Hook useEffect has a missing dependency: 'load'. Either include it or remove the dependency array                                                                                  react-hooks/exhaustive-deps
  Line 48:9:   The 'rows' logical expression could make the dependencies of useMemo Hook (at line 60) change on every render. To fix this, wrap the initialization of 'rows' in its own useMemo() Hook  react-hooks/exhaustive-deps

src\components\admin\SettingsTab.jsx
  Line 2310:94:  React Hook useEffect has a missing dependency: 'refresh'. Either include it or remove the dependency array            react-hooks/exhaustive-deps
  Line 3011:35:  React Hook useEffect has a missing dependency: 'refresh'. Either include it or remove the dependency array            react-hooks/exhaustive-deps
  Line 3194:63:  React Hook useEffect has a missing dependency: 'load'. Either include it or remove the dependency array               react-hooks/exhaustive-deps
  Line 3487:63:  React Hook useEffect has a missing dependency: 'load'. Either include it or remove the dependency array               react-hooks/exhaustive-deps
  Line 3706:63:  React Hook useEffect has a missing dependency: 'load'. Either include it or remove the dependency array               react-hooks/exhaustive-deps
  Line 3905:63:  React Hook useEffect has a missing dependency: 'load'. Either include it or remove the dependency array               react-hooks/exhaustive-deps
  Line 4173:63:  React Hook useEffect has a missing dependency: 'load'. Either include it or remove the dependency array               react-hooks/exhaustive-deps
  Line 4718:70:  React Hook useEffect has a missing dependency: 'loadPreview'. Either include it or remove the dependency array        react-hooks/exhaustive-deps
  Line 5015:67:  React Hook useEffect has missing dependencies: 'days' and 'load'. Either include them or remove the dependency array  react-hooks/exhaustive-deps
  Line 5430:69:  React Hook useEffect has a missing dependency: 'load'. Either include it or remove the dependency array               react-hooks/exhaustive-deps

src\components\admin\UsersTab.jsx
  Line 42:94:  React Hook useEffect has a missing dependency: 'refresh'. Either include it or remove the dependency array  react-hooks/exhaustive-deps

src\lib\seo.js
  Line 169:6:  React Hook useEffect has a missing dependency: 'jsonLd'. Either include it or remove the dependency array                                 react-hooks/exhaustive-deps
  Line 169:7:  React Hook useEffect has a complex expression in the dependency array. Extract it to a separate variable so it can be statically checked  react-hooks/exhaustive-deps

src\pages\AccountDeletePage.jsx
  Line 51:40:  React Hook useEffect has a missing dependency: 'loadStatus'. Either include it or remove the dependency array  react-hooks/exhaustive-deps

src\pages\CommunityPage.jsx
  Line 2979:66:  React Hook useEffect has a missing dependency: 'refresh'. Either include it or remove the dependency array                                                                                           react-hooks/exhaustive-deps
  Line 3337:35:  React Hook useEffect has a missing dependency: 'refresh'. Either include it or remove the dependency array                                                                                           react-hooks/exhaustive-deps
  Line 3592:9:   The 'messages' logical expression could make the dependencies of useEffect Hook (at line 3598) change on every render. To fix this, wrap the initialization of 'messages' in its own useMemo() Hook  react-hooks/exhaustive-deps
  Line 3664:6:   React Hook useEffect has a missing dependency: 'tokenForChannel'. Either include it or remove the dependency array                                                                                   react-hooks/exhaustive-deps

src\pages\MakerDashboard\CoachTab.jsx
  Line 48:6:  React Hook useEffect has a missing dependency: 'selectedSlug'. Either include it or remove the dependency array  react-hooks/exhaustive-deps

src\pages\MakerDashboard\PromoteWizard.jsx
  Line 116:6:  React Hook useEffect has missing dependencies: 'budgetCents' and 'goal'. Either include them or remove the dependency array  react-hooks/exhaustive-deps

Search for the keywords to learn more about each warning.
To ignore, add // eslint-disable-next-line to the line before.

[1m[33mWARNING[39m[22m in [1m[eslint] 
src\components\ShopHeroMosaic.jsx
  Line 95:5:  React Hook useMemo has a missing dependency: 'eligible'. Either include it or remove the dependency array  react-hooks/exhaustive-deps

src\components\admin\ActivationFunnelTab.jsx
  Line 85:6:  React Hook useEffect has a missing dependency: 'load'. Either include it or remove the dependency array  react-hooks/exhaustive-deps

src\components\admin\AdsTab.jsx
  Line 51:67:  React Hook useEffect has missing dependencies: 'days' and 'load'. Either include them or remove the dependency array  react-hooks/exhaustive-deps

src\components\admin\ChatModTab.jsx
  Line 59:81:  React Hook useEffect has a missing dependency: 'refreshMessages'. Either include it or remove the dependency array  react-hooks/exhaustive-deps

src\components\admin\DesignFileReportsTab.jsx
  Line 42:66:  React Hook useEffect has a missing dependency: 'refresh'. Either include it or remove the dependency array  react-hooks/exhaustive-deps

src\components\admin\FounderFunnelTab.jsx
  Line 42:69:  React Hook useEffect has a missing dependency: 'load'. Either include it or remove the dependency array  react-hooks/exhaustive-deps

src\components\admin\MsftRoasCard.jsx
  Line 37:66:  React Hook useEffect has a missing dependency: 'refresh'. Either include it or remove the dependency array  react-hooks/exhaustive-deps

src\components\admin\PayPalEventsTab.jsx
  Line 51:76:  React Hook useEffect has a missing dependency: 'load'. Either include it or remove the dependency array  react-hooks/exhaustive-deps

src\components\admin\PricingLabelAbCard.jsx
  Line 31:36:  React Hook useEffect has a missing dependency: 'load'. Either include it or remove the dependency array  react-hooks/exhaustive-deps

src\components\admin\RefundApprovalsTab.jsx
  Line 34:63:  React Hook useEffect has a missing dependency: 'load'. Either include it or remove the dependency array  react-hooks/exhaustive-deps

src\components\admin\RetentionTab.jsx
  Line 46:68:  React Hook useEffect has a missing dependency: 'load'. Either include it or remove the dependency array                                                                                  react-hooks/exhaustive-deps
  Line 48:9:   The 'rows' logical expression could make the dependencies of useMemo Hook (at line 60) change on every render. To fix this, wrap the initialization of 'rows' in its own useMemo() Hook  react-hooks/exhaustive-deps

src\components\admin\SettingsTab.jsx
  Line 2310:94:  React Hook useEffect has a missing dependency: 'refresh'. Either include it or remove the dependency array            react-hooks/exhaustive-deps
  Line 3011:35:  React Hook useEffect has a missing dependency: 'refresh'. Either include it or remove the dependency array            react-hooks/exhaustive-deps
  Line 3194:63:  React Hook useEffect has a missing dependency: 'load'. Either include it or remove the dependency array               react-hooks/exhaustive-deps
  Line 3487:63:  React Hook useEffect has a missing dependency: 'load'. Either include it or remove the dependency array               react-hooks/exhaustive-deps
  Line 3706:63:  React Hook useEffect has a missing dependency: 'load'. Either include it or remove the dependency array               react-hooks/exhaustive-deps
  Line 3905:63:  React Hook useEffect has a missing dependency: 'load'. Either include it or remove the dependency array               react-hooks/exhaustive-deps
  Line 4173:63:  React Hook useEffect has a missing dependency: 'load'. Either include it or remove the dependency array               react-hooks/exhaustive-deps
  Line 4718:70:  React Hook useEffect has a missing dependency: 'loadPreview'. Either include it or remove the dependency array        react-hooks/exhaustive-deps
  Line 5015:67:  React Hook useEffect has missing dependencies: 'days' and 'load'. Either include them or remove the dependency array  react-hooks/exhaustive-deps
  Line 5430:69:  React Hook useEffect has a missing dependency: 'load'. Either include it or remove the dependency array               react-hooks/exhaustive-deps

src\components\admin\UsersTab.jsx
  Line 42:94:  React Hook useEffect has a missing dependency: 'refresh'. Either include it or remove the dependency array  react-hooks/exhaustive-deps

src\lib\seo.js
  Line 169:6:  React Hook useEffect has a missing dependency: 'jsonLd'. Either include it or remove the dependency array                                 react-hooks/exhaustive-deps
  Line 169:7:  React Hook useEffect has a complex expression in the dependency array. Extract it to a separate variable so it can be statically checked  react-hooks/exhaustive-deps

src\pages\AccountDeletePage.jsx
  Line 51:40:  React Hook useEffect has a missing dependency: 'loadStatus'. Either include it or remove the dependency array  react-hooks/exhaustive-deps

src\pages\CommunityPage.jsx
  Line 2979:66:  React Hook useEffect has a missing dependency: 'refresh'. Either include it or remove the dependency array                                                                                           react-hooks/exhaustive-deps
  Line 3337:35:  React Hook useEffect has a missing dependency: 'refresh'. Either include it or remove the dependency array                                                                                           react-hooks/exhaustive-deps
  Line 3592:9:   The 'messages' logical expression could make the dependencies of useEffect Hook (at line 3598) change on every render. To fix this, wrap the initialization of 'messages' in its own useMemo() Hook  react-hooks/exhaustive-deps
  Line 3664:6:   React Hook useEffect has a missing dependency: 'tokenForChannel'. Either include it or remove the dependency array                                                                                   react-hooks/exhaustive-deps

src\pages\MakerDashboard\CoachTab.jsx
  Line 48:6:  React Hook useEffect has a missing dependency: 'selectedSlug'. Either include it or remove the dependency array  react-hooks/exhaustive-deps

src\pages\MakerDashboard\PromoteWizard.jsx
  Line 116:6:  React Hook useEffect has missing dependencies: 'budgetCents' and 'goal'. Either include them or remove the dependency array  react-hooks/exhaustive-deps

[39m[22m

webpack compiled with [1m[33m1 warning[39m[22m
Compiling...
Failed to compile.

[eslint] 
src\pages\AdminDashboard.jsx
Syntax error: Unexpected token, expected "," (149:57) (149:57)
[1m[33mWARNING[39m[22m in [1m[eslint] 
src\components\ShopHeroMosaic.jsx
  Line 95:5:  React Hook useMemo has a missing dependency: 'eligible'. Either include it or remove the dependency array  react-hooks/exhaustive-deps

src\components\admin\ActivationFunnelTab.jsx
  Line 85:6:  React Hook useEffect has a missing dependency: 'load'. Either include it or remove the dependency array  react-hooks/exhaustive-deps

src\components\admin\AdsTab.jsx
  Line 51:67:  React Hook useEffect has missing dependencies: 'days' and 'load'. Either include them or remove the dependency array  react-hooks/exhaustive-deps

src\components\admin\ChatModTab.jsx
  Line 59:81:  React Hook useEffect has a missing dependency: 'refreshMessages'. Either include it or remove the dependency array  react-hooks/exhaustive-deps

src\components\admin\DesignFileReportsTab.jsx
  Line 42:66:  React Hook useEffect has a missing dependency: 'refresh'. Either include it or remove the dependency array  react-hooks/exhaustive-deps

src\components\admin\FounderFunnelTab.jsx
  Line 42:69:  React Hook useEffect has a missing dependency: 'load'. Either include it or remove the dependency array  react-hooks/exhaustive-deps

src\components\admin\MsftRoasCard.jsx
  Line 37:66:  React Hook useEffect has a missing dependency: 'refresh'. Either include it or remove the dependency array  react-hooks/exhaustive-deps

src\components\admin\PayPalEventsTab.jsx
  Line 51:76:  React Hook useEffect has a missing dependency: 'load'. Either include it or remove the dependency array  react-hooks/exhaustive-deps

src\components\admin\PricingLabelAbCard.jsx
  Line 31:36:  React Hook useEffect has a missing dependency: 'load'. Either include it or remove the dependency array  react-hooks/exhaustive-deps

src\components\admin\RefundApprovalsTab.jsx
  Line 34:63:  React Hook useEffect has a missing dependency: 'load'. Either include it or remove the dependency array  react-hooks/exhaustive-deps

src\components\admin\RetentionTab.jsx
  Line 46:68:  React Hook useEffect has a missing dependency: 'load'. Either include it or remove the dependency array                                                                                  react-hooks/exhaustive-deps
  Line 48:9:   The 'rows' logical expression could make the dependencies of useMemo Hook (at line 60) change on every render. To fix this, wrap the initialization of 'rows' in its own useMemo() Hook  react-hooks/exhaustive-deps

src\components\admin\SettingsTab.jsx
  Line 2310:94:  React Hook useEffect has a missing dependency: 'refresh'. Either include it or remove the dependency array            react-hooks/exhaustive-deps
  Line 3011:35:  React Hook useEffect has a missing dependency: 'refresh'. Either include it or remove the dependency array            react-hooks/exhaustive-deps
  Line 3194:63:  React Hook useEffect has a missing dependency: 'load'. Either include it or remove the dependency array               react-hooks/exhaustive-deps
  Line 3487:63:  React Hook useEffect has a missing dependency: 'load'. Either include it or remove the dependency array               react-hooks/exhaustive-deps
  Line 3706:63:  React Hook useEffect has a missing dependency: 'load'. Either include it or remove the dependency array               react-hooks/exhaustive-deps
  Line 3905:63:  React Hook useEffect has a missing dependency: 'load'. Either include it or remove the dependency array               react-hooks/exhaustive-deps
  Line 4173:63:  React Hook useEffect has a missing dependency: 'load'. Either include it or remove the dependency array               react-hooks/exhaustive-deps
  Line 4718:70:  React Hook useEffect has a missing dependency: 'loadPreview'. Either include it or remove the dependency array        react-hooks/exhaustive-deps
  Line 5015:67:  React Hook useEffect has missing dependencies: 'days' and 'load'. Either include them or remove the dependency array  react-hooks/exhaustive-deps
  Line 5430:69:  React Hook useEffect has a missing dependency: 'load'. Either include it or remove the dependency array               react-hooks/exhaustive-deps

src\components\admin\UsersTab.jsx
  Line 42:94:  React Hook useEffect has a missing dependency: 'refresh'. Either include it or remove the dependency array  react-hooks/exhaustive-deps

src\lib\seo.js
  Line 169:6:  React Hook useEffect has a missing dependency: 'jsonLd'. Either include it or remove the dependency array                                 react-hooks/exhaustive-deps
  Line 169:7:  React Hook useEffect has a complex expression in the dependency array. Extract it to a separate variable so it can be statically checked  react-hooks/exhaustive-deps

src\pages\AccountDeletePage.jsx
  Line 51:40:  React Hook useEffect has a missing dependency: 'loadStatus'. Either include it or remove the dependency array  react-hooks/exhaustive-deps

src\pages\CommunityPage.jsx
  Line 2979:66:  React Hook useEffect has a missing dependency: 'refresh'. Either include it or remove the dependency array                                                                                           react-hooks/exhaustive-deps
  Line 3337:35:  React Hook useEffect has a missing dependency: 'refresh'. Either include it or remove the dependency array                                                                                           react-hooks/exhaustive-deps
  Line 3592:9:   The 'messages' logical expression could make the dependencies of useEffect Hook (at line 3598) change on every render. To fix this, wrap the initialization of 'messages' in its own useMemo() Hook  react-hooks/exhaustive-deps
  Line 3664:6:   React Hook useEffect has a missing dependency: 'tokenForChannel'. Either include it or remove the dependency array                                                                                   react-hooks/exhaustive-deps

src\pages\MakerDashboard\CoachTab.jsx
  Line 48:6:  React Hook useEffect has a missing dependency: 'selectedSlug'. Either include it or remove the dependency array  react-hooks/exhaustive-deps

src\pages\MakerDashboard\PromoteWizard.jsx
  Line 116:6:  React Hook useEffect has missing dependencies: 'budgetCents' and 'goal'. Either include them or remove the dependency array  react-hooks/exhaustive-deps

[39m[22m

[1m[31mERROR[39m[22m in [1m./src/pages/AdminDashboard.jsx[39m[22m
Module build failed (from ./node_modules/babel-loader/lib/index.js):
SyntaxError: C:\Users\willi\Documents\Codex\Craftersmarket\frontend\src\pages\AdminDashboard.jsx: Unexpected token, expected "," (149:57)

[0m [90m 147 |[39m   { id[33m:[39m [32m"marketplace-trends"[39m[33m,[39m label[33m:[39m [32m"Marketplace Trends"[39m }[33m,[39m
 [90m 148 |[39m   [90m// iter453 — maker agreement acceptance audit trail[39m
[31m[1m>[22m[39m[90m 149 |[39m   { id[33m:[39m [32m"maker-agreement"[39m[33m,[39m label[33m:[39m [32m"Maker Agreement"[39m }[33m,[39m[32m`r`[39mn  { id[33m:[39m [32m"policy-management"[39m[33m,[39m label[33m:[39m [32m"Policy Management"[39m[33m,[39m caps[33m:[39m [[32m"content"[39m] }[33m,[39m
 [90m     |[39m                                                          [31m[1m^[22m[39m
 [90m 150 |[39m   [90m// iter456 — Featured Maker promotion engine (candidates, AI assets, queue)[39m
 [90m 151 |[39m   { id[33m:[39m [32m"featured-maker"[39m[33m,[39m label[33m:[39m [32m"Featured Maker"[39m[33m,[39m caps[33m:[39m [[32m"marketplace"[39m[33m,[39m [32m"content"[39m] }[33m,[39m
 [90m 152 |[39m   [90m// iter457 — Workshop Floor thread-migration console + report[39m[0m
    at constructor (C:\Users\willi\Documents\Codex\Craftersmarket\frontend\node_modules\@babel\parser\lib\index.js:365:19)
    at FlowParserMixin.raise (C:\Users\willi\Documents\Codex\Craftersmarket\frontend\node_modules\@babel\parser\lib\index.js:6616:19)
    at FlowParserMixin.unexpected (C:\Users\willi\Documents\Codex\Craftersmarket\frontend\node_modules\@babel\parser\lib\index.js:6636:16)
    at FlowParserMixin.expect (C:\Users\willi\Documents\Codex\Craftersmarket\frontend\node_modules\@babel\parser\lib\index.js:6916:12)
    at FlowParserMixin.parseExprList (C:\Users\willi\Documents\Codex\Craftersmarket\frontend\node_modules\@babel\parser\lib\index.js:12158:14)
    at FlowParserMixin.parseArrayLike (C:\Users\willi\Documents\Codex\Craftersmarket\frontend\node_modules\@babel\parser\lib\index.js:12074:26)
    at FlowParserMixin.parseArrayLike (C:\Users\willi\Documents\Codex\Craftersmarket\frontend\node_modules\@babel\parser\lib\index.js:3245:24)
    at FlowParserMixin.parseExprAtom (C:\Users\willi\Documents\Codex\Craftersmarket\frontend\node_modules\@babel\parser\lib\index.js:11352:23)
    at FlowParserMixin.parseExprAtom (C:\Users\willi\Documents\Codex\Craftersmarket\frontend\node_modules\@babel\parser\lib\index.js:4776:20)
    at FlowParserMixin.parseExprSubscripts (C:\Users\willi\Documents\Codex\Craftersmarket\frontend\node_modules\@babel\parser\lib\index.js:11098:23)
    at FlowParserMixin.parseUpdate (C:\Users\willi\Documents\Codex\Craftersmarket\frontend\node_modules\@babel\parser\lib\index.js:11083:21)
    at FlowParserMixin.parseMaybeUnary (C:\Users\willi\Documents\Codex\Craftersmarket\frontend\node_modules\@babel\parser\lib\index.js:11063:23)
    at FlowParserMixin.parseMaybeUnaryOrPrivate (C:\Users\willi\Documents\Codex\Craftersmarket\frontend\node_modules\@babel\parser\lib\index.js:10916:61)
    at FlowParserMixin.parseExprOps (C:\Users\willi\Documents\Codex\Craftersmarket\frontend\node_modules\@babel\parser\lib\index.js:10921:23)
    at FlowParserMixin.parseMaybeConditional (C:\Users\willi\Documents\Codex\Craftersmarket\frontend\node_modules\@babel\parser\lib\index.js:10898:23)
    at FlowParserMixin.parseMaybeAssign (C:\Users\willi\Documents\Codex\Craftersmarket\frontend\node_modules\@babel\parser\lib\index.js:10848:21)
    at FlowParserMixin.parseMaybeAssign (C:\Users\willi\Documents\Codex\Craftersmarket\frontend\node_modules\@babel\parser\lib\index.js:3561:18)
    at C:\Users\willi\Documents\Codex\Craftersmarket\frontend\node_modules\@babel\parser\lib\index.js:10817:39
    at FlowParserMixin.allowInAnd (C:\Users\willi\Documents\Codex\Craftersmarket\frontend\node_modules\@babel\parser\lib\index.js:12438:16)
    at FlowParserMixin.parseMaybeAssignAllowIn (C:\Users\willi\Documents\Codex\Craftersmarket\frontend\node_modules\@babel\parser\lib\index.js:10817:17)
    at FlowParserMixin.parseVar (C:\Users\willi\Documents\Codex\Craftersmarket\frontend\node_modules\@babel\parser\lib\index.js:13401:91)
    at FlowParserMixin.parseVarStatement (C:\Users\willi\Documents\Codex\Craftersmarket\frontend\node_modules\@babel\parser\lib\index.js:13247:10)
    at FlowParserMixin.parseStatementContent (C:\Users\willi\Documents\Codex\Craftersmarket\frontend\node_modules\@babel\parser\lib\index.js:12868:23)
    at FlowParserMixin.parseStatementLike (C:\Users\willi\Documents\Codex\Craftersmarket\frontend\node_modules\@babel\parser\lib\index.js:12784:17)
    at FlowParserMixin.parseStatementLike (C:\Users\willi\Documents\Codex\Craftersmarket\frontend\node_modules\@babel\parser\lib\index.js:2930:24)
    at FlowParserMixin.parseModuleItem (C:\Users\willi\Documents\Codex\Craftersmarket\frontend\node_modules\@babel\parser\lib\index.js:12761:17)
    at FlowParserMixin.parseBlockOrModuleBlockBody (C:\Users\willi\Documents\Codex\Craftersmarket\frontend\node_modules\@babel\parser\lib\index.js:13333:36)
    at FlowParserMixin.parseBlockBody (C:\Users\willi\Documents\Codex\Craftersmarket\frontend\node_modules\@babel\parser\lib\index.js:13326:10)
    at FlowParserMixin.parseProgram (C:\Users\willi\Documents\Codex\Craftersmarket\frontend\node_modules\@babel\parser\lib\index.js:12639:10)
    at FlowParserMixin.parseTopLevel (C:\Users\willi\Documents\Codex\Craftersmarket\frontend\node_modules\@babel\parser\lib\index.js:12629:25)
    at FlowParserMixin.parseTopLevel (C:\Users\willi\Documents\Codex\Craftersmarket\frontend\node_modules\@babel\parser\lib\index.js:3697:28)
    at FlowParserMixin.parse (C:\Users\willi\Documents\Codex\Craftersmarket\frontend\node_modules\@babel\parser\lib\index.js:14505:25)
    at parse (C:\Users\willi\Documents\Codex\Craftersmarket\frontend\node_modules\@babel\parser\lib\index.js:14539:38)
    at parser (C:\Users\willi\Documents\Codex\Craftersmarket\frontend\node_modules\@babel\core\lib\parser\index.js:41:34)
    at parser.next (<anonymous>)
    at normalizeFile (C:\Users\willi\Documents\Codex\Craftersmarket\frontend\node_modules\@babel\core\lib\transformation\normalize-file.js:51:37)
    at normalizeFile.next (<anonymous>)
    at run (C:\Users\willi\Documents\Codex\Craftersmarket\frontend\node_modules\@babel\core\lib\transformation\index.js:22:50)
    at run.next (<anonymous>)
    at transform (C:\Users\willi\Documents\Codex\Craftersmarket\frontend\node_modules\@babel\core\lib\transform.js:22:33)
    at transform.next (<anonymous>)
    at step (C:\Users\willi\Documents\Codex\Craftersmarket\frontend\node_modules\gensync\index.js:261:32)
    at C:\Users\willi\Documents\Codex\Craftersmarket\frontend\node_modules\gensync\index.js:273:13
    at async.call.result.err.err (C:\Users\willi\Documents\Codex\Craftersmarket\frontend\node_modules\gensync\index.js:223:11)

[1m[31mERROR[39m[22m in [1m[eslint] 
src\pages\AdminDashboard.jsx
  Line 149:57:  Parsing [1m[31merror[39m[22m[1m: [1m[31mUnexpected[39m[22m[1m token, expected "," (149:57)

[39m[22m

webpack compiled with [1m[31m2 errors[39m[22m and [1m[33m1 warning[39m[22m
Compiling...
Compiled with warnings.

[eslint] 
src\components\ShopHeroMosaic.jsx
  Line 95:5:  React Hook useMemo has a missing dependency: 'eligible'. Either include it or remove the dependency array  react-hooks/exhaustive-deps

src\components\admin\ActivationFunnelTab.jsx
  Line 85:6:  React Hook useEffect has a missing dependency: 'load'. Either include it or remove the dependency array  react-hooks/exhaustive-deps

src\components\admin\AdsTab.jsx
  Line 51:67:  React Hook useEffect has missing dependencies: 'days' and 'load'. Either include them or remove the dependency array  react-hooks/exhaustive-deps

src\components\admin\ChatModTab.jsx
  Line 59:81:  React Hook useEffect has a missing dependency: 'refreshMessages'. Either include it or remove the dependency array  react-hooks/exhaustive-deps

src\components\admin\DesignFileReportsTab.jsx
  Line 42:66:  React Hook useEffect has a missing dependency: 'refresh'. Either include it or remove the dependency array  react-hooks/exhaustive-deps

src\components\admin\FounderFunnelTab.jsx
  Line 42:69:  React Hook useEffect has a missing dependency: 'load'. Either include it or remove the dependency array  react-hooks/exhaustive-deps

src\components\admin\MsftRoasCard.jsx
  Line 37:66:  React Hook useEffect has a missing dependency: 'refresh'. Either include it or remove the dependency array  react-hooks/exhaustive-deps

src\components\admin\PayPalEventsTab.jsx
  Line 51:76:  React Hook useEffect has a missing dependency: 'load'. Either include it or remove the dependency array  react-hooks/exhaustive-deps

src\components\admin\PolicyManagementTab.jsx
  Line 58:32:  React Hook useEffect has a missing dependency: 'load'. Either include it or remove the dependency array  react-hooks/exhaustive-deps

src\components\admin\PricingLabelAbCard.jsx
  Line 31:36:  React Hook useEffect has a missing dependency: 'load'. Either include it or remove the dependency array  react-hooks/exhaustive-deps

src\components\admin\RefundApprovalsTab.jsx
  Line 34:63:  React Hook useEffect has a missing dependency: 'load'. Either include it or remove the dependency array  react-hooks/exhaustive-deps

src\components\admin\RetentionTab.jsx
  Line 46:68:  React Hook useEffect has a missing dependency: 'load'. Either include it or remove the dependency array                                                                                  react-hooks/exhaustive-deps
  Line 48:9:   The 'rows' logical expression could make the dependencies of useMemo Hook (at line 60) change on every render. To fix this, wrap the initialization of 'rows' in its own useMemo() Hook  react-hooks/exhaustive-deps

src\components\admin\SettingsTab.jsx
  Line 2310:94:  React Hook useEffect has a missing dependency: 'refresh'. Either include it or remove the dependency array            react-hooks/exhaustive-deps
  Line 3011:35:  React Hook useEffect has a missing dependency: 'refresh'. Either include it or remove the dependency array            react-hooks/exhaustive-deps
  Line 3194:63:  React Hook useEffect has a missing dependency: 'load'. Either include it or remove the dependency array               react-hooks/exhaustive-deps
  Line 3487:63:  React Hook useEffect has a missing dependency: 'load'. Either include it or remove the dependency array               react-hooks/exhaustive-deps
  Line 3706:63:  React Hook useEffect has a missing dependency: 'load'. Either include it or remove the dependency array               react-hooks/exhaustive-deps
  Line 3905:63:  React Hook useEffect has a missing dependency: 'load'. Either include it or remove the dependency array               react-hooks/exhaustive-deps
  Line 4173:63:  React Hook useEffect has a missing dependency: 'load'. Either include it or remove the dependency array               react-hooks/exhaustive-deps
  Line 4718:70:  React Hook useEffect has a missing dependency: 'loadPreview'. Either include it or remove the dependency array        react-hooks/exhaustive-deps
  Line 5015:67:  React Hook useEffect has missing dependencies: 'days' and 'load'. Either include them or remove the dependency array  react-hooks/exhaustive-deps
  Line 5430:69:  React Hook useEffect has a missing dependency: 'load'. Either include it or remove the dependency array               react-hooks/exhaustive-deps

src\components\admin\UsersTab.jsx
  Line 42:94:  React Hook useEffect has a missing dependency: 'refresh'. Either include it or remove the dependency array  react-hooks/exhaustive-deps

src\lib\seo.js
  Line 169:6:  React Hook useEffect has a missing dependency: 'jsonLd'. Either include it or remove the dependency array                                 react-hooks/exhaustive-deps
  Line 169:7:  React Hook useEffect has a complex expression in the dependency array. Extract it to a separate variable so it can be statically checked  react-hooks/exhaustive-deps

src\pages\AccountDeletePage.jsx
  Line 51:40:  React Hook useEffect has a missing dependency: 'loadStatus'. Either include it or remove the dependency array  react-hooks/exhaustive-deps

src\pages\CommunityPage.jsx
  Line 2979:66:  React Hook useEffect has a missing dependency: 'refresh'. Either include it or remove the dependency array                                                                                           react-hooks/exhaustive-deps
  Line 3337:35:  React Hook useEffect has a missing dependency: 'refresh'. Either include it or remove the dependency array                                                                                           react-hooks/exhaustive-deps
  Line 3592:9:   The 'messages' logical expression could make the dependencies of useEffect Hook (at line 3598) change on every render. To fix this, wrap the initialization of 'messages' in its own useMemo() Hook  react-hooks/exhaustive-deps
  Line 3664:6:   React Hook useEffect has a missing dependency: 'tokenForChannel'. Either include it or remove the dependency array                                                                                   react-hooks/exhaustive-deps

src\pages\MakerDashboard\CoachTab.jsx
  Line 48:6:  React Hook useEffect has a missing dependency: 'selectedSlug'. Either include it or remove the dependency array  react-hooks/exhaustive-deps

src\pages\MakerDashboard\PromoteWizard.jsx
  Line 116:6:  React Hook useEffect has missing dependencies: 'budgetCents' and 'goal'. Either include them or remove the dependency array  react-hooks/exhaustive-deps

Search for the keywords to learn more about each warning.
To ignore, add // eslint-disable-next-line to the line before.

[1m[33mWARNING[39m[22m in [1m[eslint] 
src\components\ShopHeroMosaic.jsx
  Line 95:5:  React Hook useMemo has a missing dependency: 'eligible'. Either include it or remove the dependency array  react-hooks/exhaustive-deps

src\components\admin\ActivationFunnelTab.jsx
  Line 85:6:  React Hook useEffect has a missing dependency: 'load'. Either include it or remove the dependency array  react-hooks/exhaustive-deps

src\components\admin\AdsTab.jsx
  Line 51:67:  React Hook useEffect has missing dependencies: 'days' and 'load'. Either include them or remove the dependency array  react-hooks/exhaustive-deps

src\components\admin\ChatModTab.jsx
  Line 59:81:  React Hook useEffect has a missing dependency: 'refreshMessages'. Either include it or remove the dependency array  react-hooks/exhaustive-deps

src\components\admin\DesignFileReportsTab.jsx
  Line 42:66:  React Hook useEffect has a missing dependency: 'refresh'. Either include it or remove the dependency array  react-hooks/exhaustive-deps

src\components\admin\FounderFunnelTab.jsx
  Line 42:69:  React Hook useEffect has a missing dependency: 'load'. Either include it or remove the dependency array  react-hooks/exhaustive-deps

src\components\admin\MsftRoasCard.jsx
  Line 37:66:  React Hook useEffect has a missing dependency: 'refresh'. Either include it or remove the dependency array  react-hooks/exhaustive-deps

src\components\admin\PayPalEventsTab.jsx
  Line 51:76:  React Hook useEffect has a missing dependency: 'load'. Either include it or remove the dependency array  react-hooks/exhaustive-deps

src\components\admin\PolicyManagementTab.jsx
  Line 58:32:  React Hook useEffect has a missing dependency: 'load'. Either include it or remove the dependency array  react-hooks/exhaustive-deps

src\components\admin\PricingLabelAbCard.jsx
  Line 31:36:  React Hook useEffect has a missing dependency: 'load'. Either include it or remove the dependency array  react-hooks/exhaustive-deps

src\components\admin\RefundApprovalsTab.jsx
  Line 34:63:  React Hook useEffect has a missing dependency: 'load'. Either include it or remove the dependency array  react-hooks/exhaustive-deps

src\components\admin\RetentionTab.jsx
  Line 46:68:  React Hook useEffect has a missing dependency: 'load'. Either include it or remove the dependency array                                                                                  react-hooks/exhaustive-deps
  Line 48:9:   The 'rows' logical expression could make the dependencies of useMemo Hook (at line 60) change on every render. To fix this, wrap the initialization of 'rows' in its own useMemo() Hook  react-hooks/exhaustive-deps

src\components\admin\SettingsTab.jsx
  Line 2310:94:  React Hook useEffect has a missing dependency: 'refresh'. Either include it or remove the dependency array            react-hooks/exhaustive-deps
  Line 3011:35:  React Hook useEffect has a missing dependency: 'refresh'. Either include it or remove the dependency array            react-hooks/exhaustive-deps
  Line 3194:63:  React Hook useEffect has a missing dependency: 'load'. Either include it or remove the dependency array               react-hooks/exhaustive-deps
  Line 3487:63:  React Hook useEffect has a missing dependency: 'load'. Either include it or remove the dependency array               react-hooks/exhaustive-deps
  Line 3706:63:  React Hook useEffect has a missing dependency: 'load'. Either include it or remove the dependency array               react-hooks/exhaustive-deps
  Line 3905:63:  React Hook useEffect has a missing dependency: 'load'. Either include it or remove the dependency array               react-hooks/exhaustive-deps
  Line 4173:63:  React Hook useEffect has a missing dependency: 'load'. Either include it or remove the dependency array               react-hooks/exhaustive-deps
  Line 4718:70:  React Hook useEffect has a missing dependency: 'loadPreview'. Either include it or remove the dependency array        react-hooks/exhaustive-deps
  Line 5015:67:  React Hook useEffect has missing dependencies: 'days' and 'load'. Either include them or remove the dependency array  react-hooks/exhaustive-deps
  Line 5430:69:  React Hook useEffect has a missing dependency: 'load'. Either include it or remove the dependency array               react-hooks/exhaustive-deps

src\components\admin\UsersTab.jsx
  Line 42:94:  React Hook useEffect has a missing dependency: 'refresh'. Either include it or remove the dependency array  react-hooks/exhaustive-deps

src\lib\seo.js
  Line 169:6:  React Hook useEffect has a missing dependency: 'jsonLd'. Either include it or remove the dependency array                                 react-hooks/exhaustive-deps
  Line 169:7:  React Hook useEffect has a complex expression in the dependency array. Extract it to a separate variable so it can be statically checked  react-hooks/exhaustive-deps

src\pages\AccountDeletePage.jsx
  Line 51:40:  React Hook useEffect has a missing dependency: 'loadStatus'. Either include it or remove the dependency array  react-hooks/exhaustive-deps

src\pages\CommunityPage.jsx
  Line 2979:66:  React Hook useEffect has a missing dependency: 'refresh'. Either include it or remove the dependency array                                                                                           react-hooks/exhaustive-deps
  Line 3337:35:  React Hook useEffect has a missing dependency: 'refresh'. Either include it or remove the dependency array                                                                                           react-hooks/exhaustive-deps
  Line 3592:9:   The 'messages' logical expression could make the dependencies of useEffect Hook (at line 3598) change on every render. To fix this, wrap the initialization of 'messages' in its own useMemo() Hook  react-hooks/exhaustive-deps
  Line 3664:6:   React Hook useEffect has a missing dependency: 'tokenForChannel'. Either include it or remove the dependency array                                                                                   react-hooks/exhaustive-deps

src\pages\MakerDashboard\CoachTab.jsx
  Line 48:6:  React Hook useEffect has a missing dependency: 'selectedSlug'. Either include it or remove the dependency array  react-hooks/exhaustive-deps

src\pages\MakerDashboard\PromoteWizard.jsx
  Line 116:6:  React Hook useEffect has missing dependencies: 'budgetCents' and 'goal'. Either include them or remove the dependency array  react-hooks/exhaustive-deps

[39m[22m

webpack compiled with [1m[33m1 warning[39m[22m
Compiling...
Compiled with warnings.

[eslint] 
src\components\ShopHeroMosaic.jsx
  Line 95:5:  React Hook useMemo has a missing dependency: 'eligible'. Either include it or remove the dependency array  react-hooks/exhaustive-deps

src\components\admin\ActivationFunnelTab.jsx
  Line 85:6:  React Hook useEffect has a missing dependency: 'load'. Either include it or remove the dependency array  react-hooks/exhaustive-deps

src\components\admin\AdsTab.jsx
  Line 51:67:  React Hook useEffect has missing dependencies: 'days' and 'load'. Either include them or remove the dependency array  react-hooks/exhaustive-deps

src\components\admin\ChatModTab.jsx
  Line 59:81:  React Hook useEffect has a missing dependency: 'refreshMessages'. Either include it or remove the dependency array  react-hooks/exhaustive-deps

src\components\admin\DesignFileReportsTab.jsx
  Line 42:66:  React Hook useEffect has a missing dependency: 'refresh'. Either include it or remove the dependency array  react-hooks/exhaustive-deps

src\components\admin\FounderFunnelTab.jsx
  Line 42:69:  React Hook useEffect has a missing dependency: 'load'. Either include it or remove the dependency array  react-hooks/exhaustive-deps

src\components\admin\MsftRoasCard.jsx
  Line 37:66:  React Hook useEffect has a missing dependency: 'refresh'. Either include it or remove the dependency array  react-hooks/exhaustive-deps

src\components\admin\PayPalEventsTab.jsx
  Line 51:76:  React Hook useEffect has a missing dependency: 'load'. Either include it or remove the dependency array  react-hooks/exhaustive-deps

src\components\admin\PolicyManagementTab.jsx
  Line 58:32:  React Hook useEffect has a missing dependency: 'load'. Either include it or remove the dependency array  react-hooks/exhaustive-deps

src\components\admin\PricingLabelAbCard.jsx
  Line 31:36:  React Hook useEffect has a missing dependency: 'load'. Either include it or remove the dependency array  react-hooks/exhaustive-deps

src\components\admin\RefundApprovalsTab.jsx
  Line 34:63:  React Hook useEffect has a missing dependency: 'load'. Either include it or remove the dependency array  react-hooks/exhaustive-deps

src\components\admin\RetentionTab.jsx
  Line 46:68:  React Hook useEffect has a missing dependency: 'load'. Either include it or remove the dependency array                                                                                  react-hooks/exhaustive-deps
  Line 48:9:   The 'rows' logical expression could make the dependencies of useMemo Hook (at line 60) change on every render. To fix this, wrap the initialization of 'rows' in its own useMemo() Hook  react-hooks/exhaustive-deps

src\components\admin\SettingsTab.jsx
  Line 2310:94:  React Hook useEffect has a missing dependency: 'refresh'. Either include it or remove the dependency array            react-hooks/exhaustive-deps
  Line 3011:35:  React Hook useEffect has a missing dependency: 'refresh'. Either include it or remove the dependency array            react-hooks/exhaustive-deps
  Line 3194:63:  React Hook useEffect has a missing dependency: 'load'. Either include it or remove the dependency array               react-hooks/exhaustive-deps
  Line 3487:63:  React Hook useEffect has a missing dependency: 'load'. Either include it or remove the dependency array               react-hooks/exhaustive-deps
  Line 3706:63:  React Hook useEffect has a missing dependency: 'load'. Either include it or remove the dependency array               react-hooks/exhaustive-deps
  Line 3905:63:  React Hook useEffect has a missing dependency: 'load'. Either include it or remove the dependency array               react-hooks/exhaustive-deps
  Line 4173:63:  React Hook useEffect has a missing dependency: 'load'. Either include it or remove the dependency array               react-hooks/exhaustive-deps
  Line 4718:70:  React Hook useEffect has a missing dependency: 'loadPreview'. Either include it or remove the dependency array        react-hooks/exhaustive-deps
  Line 5015:67:  React Hook useEffect has missing dependencies: 'days' and 'load'. Either include them or remove the dependency array  react-hooks/exhaustive-deps
  Line 5430:69:  React Hook useEffect has a missing dependency: 'load'. Either include it or remove the dependency array               react-hooks/exhaustive-deps

src\components\admin\UsersTab.jsx
  Line 42:94:  React Hook useEffect has a missing dependency: 'refresh'. Either include it or remove the dependency array  react-hooks/exhaustive-deps

src\lib\seo.js
  Line 169:6:  React Hook useEffect has a missing dependency: 'jsonLd'. Either include it or remove the dependency array                                 react-hooks/exhaustive-deps
  Line 169:7:  React Hook useEffect has a complex expression in the dependency array. Extract it to a separate variable so it can be statically checked  react-hooks/exhaustive-deps

src\pages\AccountDeletePage.jsx
  Line 51:40:  React Hook useEffect has a missing dependency: 'loadStatus'. Either include it or remove the dependency array  react-hooks/exhaustive-deps

src\pages\CommunityPage.jsx
  Line 2979:66:  React Hook useEffect has a missing dependency: 'refresh'. Either include it or remove the dependency array                                                                                           react-hooks/exhaustive-deps
  Line 3337:35:  React Hook useEffect has a missing dependency: 'refresh'. Either include it or remove the dependency array                                                                                           react-hooks/exhaustive-deps
  Line 3592:9:   The 'messages' logical expression could make the dependencies of useEffect Hook (at line 3598) change on every render. To fix this, wrap the initialization of 'messages' in its own useMemo() Hook  react-hooks/exhaustive-deps
  Line 3664:6:   React Hook useEffect has a missing dependency: 'tokenForChannel'. Either include it or remove the dependency array                                                                                   react-hooks/exhaustive-deps

src\pages\MakerDashboard\CoachTab.jsx
  Line 48:6:  React Hook useEffect has a missing dependency: 'selectedSlug'. Either include it or remove the dependency array  react-hooks/exhaustive-deps

src\pages\MakerDashboard\PromoteWizard.jsx
  Line 116:6:  React Hook useEffect has missing dependencies: 'budgetCents' and 'goal'. Either include them or remove the dependency array  react-hooks/exhaustive-deps

Search for the keywords to learn more about each warning.
To ignore, add // eslint-disable-next-line to the line before.

[1m[33mWARNING[39m[22m in [1m[eslint] 
src\components\ShopHeroMosaic.jsx
  Line 95:5:  React Hook useMemo has a missing dependency: 'eligible'. Either include it or remove the dependency array  react-hooks/exhaustive-deps

src\components\admin\ActivationFunnelTab.jsx
  Line 85:6:  React Hook useEffect has a missing dependency: 'load'. Either include it or remove the dependency array  react-hooks/exhaustive-deps

src\components\admin\AdsTab.jsx
  Line 51:67:  React Hook useEffect has missing dependencies: 'days' and 'load'. Either include them or remove the dependency array  react-hooks/exhaustive-deps

src\components\admin\ChatModTab.jsx
  Line 59:81:  React Hook useEffect has a missing dependency: 'refreshMessages'. Either include it or remove the dependency array  react-hooks/exhaustive-deps

src\components\admin\DesignFileReportsTab.jsx
  Line 42:66:  React Hook useEffect has a missing dependency: 'refresh'. Either include it or remove the dependency array  react-hooks/exhaustive-deps

src\components\admin\FounderFunnelTab.jsx
  Line 42:69:  React Hook useEffect has a missing dependency: 'load'. Either include it or remove the dependency array  react-hooks/exhaustive-deps

src\components\admin\MsftRoasCard.jsx
  Line 37:66:  React Hook useEffect has a missing dependency: 'refresh'. Either include it or remove the dependency array  react-hooks/exhaustive-deps

src\components\admin\PayPalEventsTab.jsx
  Line 51:76:  React Hook useEffect has a missing dependency: 'load'. Either include it or remove the dependency array  react-hooks/exhaustive-deps

src\components\admin\PolicyManagementTab.jsx
  Line 58:32:  React Hook useEffect has a missing dependency: 'load'. Either include it or remove the dependency array  react-hooks/exhaustive-deps

src\components\admin\PricingLabelAbCard.jsx
  Line 31:36:  React Hook useEffect has a missing dependency: 'load'. Either include it or remove the dependency array  react-hooks/exhaustive-deps

src\components\admin\RefundApprovalsTab.jsx
  Line 34:63:  React Hook useEffect has a missing dependency: 'load'. Either include it or remove the dependency array  react-hooks/exhaustive-deps

src\components\admin\RetentionTab.jsx
  Line 46:68:  React Hook useEffect has a missing dependency: 'load'. Either include it or remove the dependency array                                                                                  react-hooks/exhaustive-deps
  Line 48:9:   The 'rows' logical expression could make the dependencies of useMemo Hook (at line 60) change on every render. To fix this, wrap the initialization of 'rows' in its own useMemo() Hook  react-hooks/exhaustive-deps

src\components\admin\SettingsTab.jsx
  Line 2310:94:  React Hook useEffect has a missing dependency: 'refresh'. Either include it or remove the dependency array            react-hooks/exhaustive-deps
  Line 3011:35:  React Hook useEffect has a missing dependency: 'refresh'. Either include it or remove the dependency array            react-hooks/exhaustive-deps
  Line 3194:63:  React Hook useEffect has a missing dependency: 'load'. Either include it or remove the dependency array               react-hooks/exhaustive-deps
  Line 3487:63:  React Hook useEffect has a missing dependency: 'load'. Either include it or remove the dependency array               react-hooks/exhaustive-deps
  Line 3706:63:  React Hook useEffect has a missing dependency: 'load'. Either include it or remove the dependency array               react-hooks/exhaustive-deps
  Line 3905:63:  React Hook useEffect has a missing dependency: 'load'. Either include it or remove the dependency array               react-hooks/exhaustive-deps
  Line 4173:63:  React Hook useEffect has a missing dependency: 'load'. Either include it or remove the dependency array               react-hooks/exhaustive-deps
  Line 4718:70:  React Hook useEffect has a missing dependency: 'loadPreview'. Either include it or remove the dependency array        react-hooks/exhaustive-deps
  Line 5015:67:  React Hook useEffect has missing dependencies: 'days' and 'load'. Either include them or remove the dependency array  react-hooks/exhaustive-deps
  Line 5430:69:  React Hook useEffect has a missing dependency: 'load'. Either include it or remove the dependency array               react-hooks/exhaustive-deps

src\components\admin\UsersTab.jsx
  Line 42:94:  React Hook useEffect has a missing dependency: 'refresh'. Either include it or remove the dependency array  react-hooks/exhaustive-deps

src\lib\seo.js
  Line 169:6:  React Hook useEffect has a missing dependency: 'jsonLd'. Either include it or remove the dependency array                                 react-hooks/exhaustive-deps
  Line 169:7:  React Hook useEffect has a complex expression in the dependency array. Extract it to a separate variable so it can be statically checked  react-hooks/exhaustive-deps

src\pages\AccountDeletePage.jsx
  Line 51:40:  React Hook useEffect has a missing dependency: 'loadStatus'. Either include it or remove the dependency array  react-hooks/exhaustive-deps

src\pages\CommunityPage.jsx
  Line 2979:66:  React Hook useEffect has a missing dependency: 'refresh'. Either include it or remove the dependency array                                                                                           react-hooks/exhaustive-deps
  Line 3337:35:  React Hook useEffect has a missing dependency: 'refresh'. Either include it or remove the dependency array                                                                                           react-hooks/exhaustive-deps
  Line 3592:9:   The 'messages' logical expression could make the dependencies of useEffect Hook (at line 3598) change on every render. To fix this, wrap the initialization of 'messages' in its own useMemo() Hook  react-hooks/exhaustive-deps
  Line 3664:6:   React Hook useEffect has a missing dependency: 'tokenForChannel'. Either include it or remove the dependency array                                                                                   react-hooks/exhaustive-deps

src\pages\MakerDashboard\CoachTab.jsx
  Line 48:6:  React Hook useEffect has a missing dependency: 'selectedSlug'. Either include it or remove the dependency array  react-hooks/exhaustive-deps

src\pages\MakerDashboard\PromoteWizard.jsx
  Line 116:6:  React Hook useEffect has missing dependencies: 'budgetCents' and 'goal'. Either include them or remove the dependency array  react-hooks/exhaustive-deps

[39m[22m

webpack compiled with [1m[33m1 warning[39m[22m
Compiling...
Compiled with warnings.

[eslint] 
src\components\ShopHeroMosaic.jsx
  Line 95:5:  React Hook useMemo has a missing dependency: 'eligible'. Either include it or remove the dependency array  react-hooks/exhaustive-deps

src\components\admin\ActivationFunnelTab.jsx
  Line 85:6:  React Hook useEffect has a missing dependency: 'load'. Either include it or remove the dependency array  react-hooks/exhaustive-deps

src\components\admin\AdsTab.jsx
  Line 51:67:  React Hook useEffect has missing dependencies: 'days' and 'load'. Either include them or remove the dependency array  react-hooks/exhaustive-deps

src\components\admin\ChatModTab.jsx
  Line 59:81:  React Hook useEffect has a missing dependency: 'refreshMessages'. Either include it or remove the dependency array  react-hooks/exhaustive-deps

src\components\admin\DesignFileReportsTab.jsx
  Line 42:66:  React Hook useEffect has a missing dependency: 'refresh'. Either include it or remove the dependency array  react-hooks/exhaustive-deps

src\components\admin\FounderFunnelTab.jsx
  Line 42:69:  React Hook useEffect has a missing dependency: 'load'. Either include it or remove the dependency array  react-hooks/exhaustive-deps

src\components\admin\MsftRoasCard.jsx
  Line 37:66:  React Hook useEffect has a missing dependency: 'refresh'. Either include it or remove the dependency array  react-hooks/exhaustive-deps

src\components\admin\PayPalEventsTab.jsx
  Line 51:76:  React Hook useEffect has a missing dependency: 'load'. Either include it or remove the dependency array  react-hooks/exhaustive-deps

src\components\admin\PolicyManagementTab.jsx
  Line 58:32:  React Hook useEffect has a missing dependency: 'load'. Either include it or remove the dependency array  react-hooks/exhaustive-deps

src\components\admin\PricingLabelAbCard.jsx
  Line 31:36:  React Hook useEffect has a missing dependency: 'load'. Either include it or remove the dependency array  react-hooks/exhaustive-deps

src\components\admin\RefundApprovalsTab.jsx
  Line 34:63:  React Hook useEffect has a missing dependency: 'load'. Either include it or remove the dependency array  react-hooks/exhaustive-deps

src\components\admin\RetentionTab.jsx
  Line 46:68:  React Hook useEffect has a missing dependency: 'load'. Either include it or remove the dependency array                                                                                  react-hooks/exhaustive-deps
  Line 48:9:   The 'rows' logical expression could make the dependencies of useMemo Hook (at line 60) change on every render. To fix this, wrap the initialization of 'rows' in its own useMemo() Hook  react-hooks/exhaustive-deps

src\components\admin\SettingsTab.jsx
  Line 2310:94:  React Hook useEffect has a missing dependency: 'refresh'. Either include it or remove the dependency array            react-hooks/exhaustive-deps
  Line 3011:35:  React Hook useEffect has a missing dependency: 'refresh'. Either include it or remove the dependency array            react-hooks/exhaustive-deps
  Line 3194:63:  React Hook useEffect has a missing dependency: 'load'. Either include it or remove the dependency array               react-hooks/exhaustive-deps
  Line 3487:63:  React Hook useEffect has a missing dependency: 'load'. Either include it or remove the dependency array               react-hooks/exhaustive-deps
  Line 3706:63:  React Hook useEffect has a missing dependency: 'load'. Either include it or remove the dependency array               react-hooks/exhaustive-deps
  Line 3905:63:  React Hook useEffect has a missing dependency: 'load'. Either include it or remove the dependency array               react-hooks/exhaustive-deps
  Line 4173:63:  React Hook useEffect has a missing dependency: 'load'. Either include it or remove the dependency array               react-hooks/exhaustive-deps
  Line 4718:70:  React Hook useEffect has a missing dependency: 'loadPreview'. Either include it or remove the dependency array        react-hooks/exhaustive-deps
  Line 5015:67:  React Hook useEffect has missing dependencies: 'days' and 'load'. Either include them or remove the dependency array  react-hooks/exhaustive-deps
  Line 5430:69:  React Hook useEffect has a missing dependency: 'load'. Either include it or remove the dependency array               react-hooks/exhaustive-deps

src\components\admin\UsersTab.jsx
  Line 42:94:  React Hook useEffect has a missing dependency: 'refresh'. Either include it or remove the dependency array  react-hooks/exhaustive-deps

src\lib\seo.js
  Line 169:6:  React Hook useEffect has a missing dependency: 'jsonLd'. Either include it or remove the dependency array                                 react-hooks/exhaustive-deps
  Line 169:7:  React Hook useEffect has a complex expression in the dependency array. Extract it to a separate variable so it can be statically checked  react-hooks/exhaustive-deps

src\pages\AccountDeletePage.jsx
  Line 51:40:  React Hook useEffect has a missing dependency: 'loadStatus'. Either include it or remove the dependency array  react-hooks/exhaustive-deps

src\pages\CommunityPage.jsx
  Line 2979:66:  React Hook useEffect has a missing dependency: 'refresh'. Either include it or remove the dependency array                                                                                           react-hooks/exhaustive-deps
  Line 3337:35:  React Hook useEffect has a missing dependency: 'refresh'. Either include it or remove the dependency array                                                                                           react-hooks/exhaustive-deps
  Line 3592:9:   The 'messages' logical expression could make the dependencies of useEffect Hook (at line 3598) change on every render. To fix this, wrap the initialization of 'messages' in its own useMemo() Hook  react-hooks/exhaustive-deps
  Line 3664:6:   React Hook useEffect has a missing dependency: 'tokenForChannel'. Either include it or remove the dependency array                                                                                   react-hooks/exhaustive-deps

src\pages\MakerDashboard\CoachTab.jsx
  Line 48:6:  React Hook useEffect has a missing dependency: 'selectedSlug'. Either include it or remove the dependency array  react-hooks/exhaustive-deps

src\pages\MakerDashboard\PromoteWizard.jsx
  Line 116:6:  React Hook useEffect has missing dependencies: 'budgetCents' and 'goal'. Either include them or remove the dependency array  react-hooks/exhaustive-deps

Search for the keywords to learn more about each warning.
To ignore, add // eslint-disable-next-line to the line before.

[1m[33mWARNING[39m[22m in [1m[eslint] 
src\components\ShopHeroMosaic.jsx
  Line 95:5:  React Hook useMemo has a missing dependency: 'eligible'. Either include it or remove the dependency array  react-hooks/exhaustive-deps

src\components\admin\ActivationFunnelTab.jsx
  Line 85:6:  React Hook useEffect has a missing dependency: 'load'. Either include it or remove the dependency array  react-hooks/exhaustive-deps

src\components\admin\AdsTab.jsx
  Line 51:67:  React Hook useEffect has missing dependencies: 'days' and 'load'. Either include them or remove the dependency array  react-hooks/exhaustive-deps

src\components\admin\ChatModTab.jsx
  Line 59:81:  React Hook useEffect has a missing dependency: 'refreshMessages'. Either include it or remove the dependency array  react-hooks/exhaustive-deps

src\components\admin\DesignFileReportsTab.jsx
  Line 42:66:  React Hook useEffect has a missing dependency: 'refresh'. Either include it or remove the dependency array  react-hooks/exhaustive-deps

src\components\admin\FounderFunnelTab.jsx
  Line 42:69:  React Hook useEffect has a missing dependency: 'load'. Either include it or remove the dependency array  react-hooks/exhaustive-deps

src\components\admin\MsftRoasCard.jsx
  Line 37:66:  React Hook useEffect has a missing dependency: 'refresh'. Either include it or remove the dependency array  react-hooks/exhaustive-deps

src\components\admin\PayPalEventsTab.jsx
  Line 51:76:  React Hook useEffect has a missing dependency: 'load'. Either include it or remove the dependency array  react-hooks/exhaustive-deps

src\components\admin\PolicyManagementTab.jsx
  Line 58:32:  React Hook useEffect has a missing dependency: 'load'. Either include it or remove the dependency array  react-hooks/exhaustive-deps

src\components\admin\PricingLabelAbCard.jsx
  Line 31:36:  React Hook useEffect has a missing dependency: 'load'. Either include it or remove the dependency array  react-hooks/exhaustive-deps

src\components\admin\RefundApprovalsTab.jsx
  Line 34:63:  React Hook useEffect has a missing dependency: 'load'. Either include it or remove the dependency array  react-hooks/exhaustive-deps

src\components\admin\RetentionTab.jsx
  Line 46:68:  React Hook useEffect has a missing dependency: 'load'. Either include it or remove the dependency array                                                                                  react-hooks/exhaustive-deps
  Line 48:9:   The 'rows' logical expression could make the dependencies of useMemo Hook (at line 60) change on every render. To fix this, wrap the initialization of 'rows' in its own useMemo() Hook  react-hooks/exhaustive-deps

src\components\admin\SettingsTab.jsx
  Line 2310:94:  React Hook useEffect has a missing dependency: 'refresh'. Either include it or remove the dependency array            react-hooks/exhaustive-deps
  Line 3011:35:  React Hook useEffect has a missing dependency: 'refresh'. Either include it or remove the dependency array            react-hooks/exhaustive-deps
  Line 3194:63:  React Hook useEffect has a missing dependency: 'load'. Either include it or remove the dependency array               react-hooks/exhaustive-deps
  Line 3487:63:  React Hook useEffect has a missing dependency: 'load'. Either include it or remove the dependency array               react-hooks/exhaustive-deps
  Line 3706:63:  React Hook useEffect has a missing dependency: 'load'. Either include it or remove the dependency array               react-hooks/exhaustive-deps
  Line 3905:63:  React Hook useEffect has a missing dependency: 'load'. Either include it or remove the dependency array               react-hooks/exhaustive-deps
  Line 4173:63:  React Hook useEffect has a missing dependency: 'load'. Either include it or remove the dependency array               react-hooks/exhaustive-deps
  Line 4718:70:  React Hook useEffect has a missing dependency: 'loadPreview'. Either include it or remove the dependency array        react-hooks/exhaustive-deps
  Line 5015:67:  React Hook useEffect has missing dependencies: 'days' and 'load'. Either include them or remove the dependency array  react-hooks/exhaustive-deps
  Line 5430:69:  React Hook useEffect has a missing dependency: 'load'. Either include it or remove the dependency array               react-hooks/exhaustive-deps

src\components\admin\UsersTab.jsx
  Line 42:94:  React Hook useEffect has a missing dependency: 'refresh'. Either include it or remove the dependency array  react-hooks/exhaustive-deps

src\lib\seo.js
  Line 169:6:  React Hook useEffect has a missing dependency: 'jsonLd'. Either include it or remove the dependency array                                 react-hooks/exhaustive-deps
  Line 169:7:  React Hook useEffect has a complex expression in the dependency array. Extract it to a separate variable so it can be statically checked  react-hooks/exhaustive-deps

src\pages\AccountDeletePage.jsx
  Line 51:40:  React Hook useEffect has a missing dependency: 'loadStatus'. Either include it or remove the dependency array  react-hooks/exhaustive-deps

src\pages\CommunityPage.jsx
  Line 2979:66:  React Hook useEffect has a missing dependency: 'refresh'. Either include it or remove the dependency array                                                                                           react-hooks/exhaustive-deps
  Line 3337:35:  React Hook useEffect has a missing dependency: 'refresh'. Either include it or remove the dependency array                                                                                           react-hooks/exhaustive-deps
  Line 3592:9:   The 'messages' logical expression could make the dependencies of useEffect Hook (at line 3598) change on every render. To fix this, wrap the initialization of 'messages' in its own useMemo() Hook  react-hooks/exhaustive-deps
  Line 3664:6:   React Hook useEffect has a missing dependency: 'tokenForChannel'. Either include it or remove the dependency array                                                                                   react-hooks/exhaustive-deps

src\pages\MakerDashboard\CoachTab.jsx
  Line 48:6:  React Hook useEffect has a missing dependency: 'selectedSlug'. Either include it or remove the dependency array  react-hooks/exhaustive-deps

src\pages\MakerDashboard\PromoteWizard.jsx
  Line 116:6:  React Hook useEffect has missing dependencies: 'budgetCents' and 'goal'. Either include them or remove the dependency array  react-hooks/exhaustive-deps

[39m[22m

webpack compiled with [1m[33m1 warning[39m[22m
Compiling...
Compiled with warnings.

[eslint] 
src\components\ShopHeroMosaic.jsx
  Line 95:5:  React Hook useMemo has a missing dependency: 'eligible'. Either include it or remove the dependency array  react-hooks/exhaustive-deps

src\components\admin\ActivationFunnelTab.jsx
  Line 85:6:  React Hook useEffect has a missing dependency: 'load'. Either include it or remove the dependency array  react-hooks/exhaustive-deps

src\components\admin\AdsTab.jsx
  Line 51:67:  React Hook useEffect has missing dependencies: 'days' and 'load'. Either include them or remove the dependency array  react-hooks/exhaustive-deps

src\components\admin\ChatModTab.jsx
  Line 59:81:  React Hook useEffect has a missing dependency: 'refreshMessages'. Either include it or remove the dependency array  react-hooks/exhaustive-deps

src\components\admin\DesignFileReportsTab.jsx
  Line 42:66:  React Hook useEffect has a missing dependency: 'refresh'. Either include it or remove the dependency array  react-hooks/exhaustive-deps

src\components\admin\FounderFunnelTab.jsx
  Line 42:69:  React Hook useEffect has a missing dependency: 'load'. Either include it or remove the dependency array  react-hooks/exhaustive-deps

src\components\admin\MsftRoasCard.jsx
  Line 37:66:  React Hook useEffect has a missing dependency: 'refresh'. Either include it or remove the dependency array  react-hooks/exhaustive-deps

src\components\admin\PayPalEventsTab.jsx
  Line 51:76:  React Hook useEffect has a missing dependency: 'load'. Either include it or remove the dependency array  react-hooks/exhaustive-deps

src\components\admin\PolicyManagementTab.jsx
  Line 58:32:  React Hook useEffect has a missing dependency: 'load'. Either include it or remove the dependency array  react-hooks/exhaustive-deps

src\components\admin\PricingLabelAbCard.jsx
  Line 31:36:  React Hook useEffect has a missing dependency: 'load'. Either include it or remove the dependency array  react-hooks/exhaustive-deps

src\components\admin\RefundApprovalsTab.jsx
  Line 34:63:  React Hook useEffect has a missing dependency: 'load'. Either include it or remove the dependency array  react-hooks/exhaustive-deps

src\components\admin\RetentionTab.jsx
  Line 46:68:  React Hook useEffect has a missing dependency: 'load'. Either include it or remove the dependency array                                                                                  react-hooks/exhaustive-deps
  Line 48:9:   The 'rows' logical expression could make the dependencies of useMemo Hook (at line 60) change on every render. To fix this, wrap the initialization of 'rows' in its own useMemo() Hook  react-hooks/exhaustive-deps

src\components\admin\SettingsTab.jsx
  Line 2310:94:  React Hook useEffect has a missing dependency: 'refresh'. Either include it or remove the dependency array            react-hooks/exhaustive-deps
  Line 3011:35:  React Hook useEffect has a missing dependency: 'refresh'. Either include it or remove the dependency array            react-hooks/exhaustive-deps
  Line 3194:63:  React Hook useEffect has a missing dependency: 'load'. Either include it or remove the dependency array               react-hooks/exhaustive-deps
  Line 3487:63:  React Hook useEffect has a missing dependency: 'load'. Either include it or remove the dependency array               react-hooks/exhaustive-deps
  Line 3706:63:  React Hook useEffect has a missing dependency: 'load'. Either include it or remove the dependency array               react-hooks/exhaustive-deps
  Line 3905:63:  React Hook useEffect has a missing dependency: 'load'. Either include it or remove the dependency array               react-hooks/exhaustive-deps
  Line 4173:63:  React Hook useEffect has a missing dependency: 'load'. Either include it or remove the dependency array               react-hooks/exhaustive-deps
  Line 4718:70:  React Hook useEffect has a missing dependency: 'loadPreview'. Either include it or remove the dependency array        react-hooks/exhaustive-deps
  Line 5015:67:  React Hook useEffect has missing dependencies: 'days' and 'load'. Either include them or remove the dependency array  react-hooks/exhaustive-deps
  Line 5430:69:  React Hook useEffect has a missing dependency: 'load'. Either include it or remove the dependency array               react-hooks/exhaustive-deps

src\components\admin\UsersTab.jsx
  Line 42:94:  React Hook useEffect has a missing dependency: 'refresh'. Either include it or remove the dependency array  react-hooks/exhaustive-deps

src\lib\seo.js
  Line 169:6:  React Hook useEffect has a missing dependency: 'jsonLd'. Either include it or remove the dependency array                                 react-hooks/exhaustive-deps
  Line 169:7:  React Hook useEffect has a complex expression in the dependency array. Extract it to a separate variable so it can be statically checked  react-hooks/exhaustive-deps

src\pages\AccountDeletePage.jsx
  Line 51:40:  React Hook useEffect has a missing dependency: 'loadStatus'. Either include it or remove the dependency array  react-hooks/exhaustive-deps

src\pages\CommunityPage.jsx
  Line 2979:66:  React Hook useEffect has a missing dependency: 'refresh'. Either include it or remove the dependency array                                                                                           react-hooks/exhaustive-deps
  Line 3337:35:  React Hook useEffect has a missing dependency: 'refresh'. Either include it or remove the dependency array                                                                                           react-hooks/exhaustive-deps
  Line 3592:9:   The 'messages' logical expression could make the dependencies of useEffect Hook (at line 3598) change on every render. To fix this, wrap the initialization of 'messages' in its own useMemo() Hook  react-hooks/exhaustive-deps
  Line 3664:6:   React Hook useEffect has a missing dependency: 'tokenForChannel'. Either include it or remove the dependency array                                                                                   react-hooks/exhaustive-deps

src\pages\MakerDashboard\CoachTab.jsx
  Line 48:6:  React Hook useEffect has a missing dependency: 'selectedSlug'. Either include it or remove the dependency array  react-hooks/exhaustive-deps

src\pages\MakerDashboard\PromoteWizard.jsx
  Line 116:6:  React Hook useEffect has missing dependencies: 'budgetCents' and 'goal'. Either include them or remove the dependency array  react-hooks/exhaustive-deps

Search for the keywords to learn more about each warning.
To ignore, add // eslint-disable-next-line to the line before.

[1m[33mWARNING[39m[22m in [1m[eslint] 
src\components\ShopHeroMosaic.jsx
  Line 95:5:  React Hook useMemo has a missing dependency: 'eligible'. Either include it or remove the dependency array  react-hooks/exhaustive-deps

src\components\admin\ActivationFunnelTab.jsx
  Line 85:6:  React Hook useEffect has a missing dependency: 'load'. Either include it or remove the dependency array  react-hooks/exhaustive-deps

src\components\admin\AdsTab.jsx
  Line 51:67:  React Hook useEffect has missing dependencies: 'days' and 'load'. Either include them or remove the dependency array  react-hooks/exhaustive-deps

src\components\admin\ChatModTab.jsx
  Line 59:81:  React Hook useEffect has a missing dependency: 'refreshMessages'. Either include it or remove the dependency array  react-hooks/exhaustive-deps

src\components\admin\DesignFileReportsTab.jsx
  Line 42:66:  React Hook useEffect has a missing dependency: 'refresh'. Either include it or remove the dependency array  react-hooks/exhaustive-deps

src\components\admin\FounderFunnelTab.jsx
  Line 42:69:  React Hook useEffect has a missing dependency: 'load'. Either include it or remove the dependency array  react-hooks/exhaustive-deps

src\components\admin\MsftRoasCard.jsx
  Line 37:66:  React Hook useEffect has a missing dependency: 'refresh'. Either include it or remove the dependency array  react-hooks/exhaustive-deps

src\components\admin\PayPalEventsTab.jsx
  Line 51:76:  React Hook useEffect has a missing dependency: 'load'. Either include it or remove the dependency array  react-hooks/exhaustive-deps

src\components\admin\PolicyManagementTab.jsx
  Line 58:32:  React Hook useEffect has a missing dependency: 'load'. Either include it or remove the dependency array  react-hooks/exhaustive-deps

src\components\admin\PricingLabelAbCard.jsx
  Line 31:36:  React Hook useEffect has a missing dependency: 'load'. Either include it or remove the dependency array  react-hooks/exhaustive-deps

src\components\admin\RefundApprovalsTab.jsx
  Line 34:63:  React Hook useEffect has a missing dependency: 'load'. Either include it or remove the dependency array  react-hooks/exhaustive-deps

src\components\admin\RetentionTab.jsx
  Line 46:68:  React Hook useEffect has a missing dependency: 'load'. Either include it or remove the dependency array                                                                                  react-hooks/exhaustive-deps
  Line 48:9:   The 'rows' logical expression could make the dependencies of useMemo Hook (at line 60) change on every render. To fix this, wrap the initialization of 'rows' in its own useMemo() Hook  react-hooks/exhaustive-deps

src\components\admin\SettingsTab.jsx
  Line 2310:94:  React Hook useEffect has a missing dependency: 'refresh'. Either include it or remove the dependency array            react-hooks/exhaustive-deps
  Line 3011:35:  React Hook useEffect has a missing dependency: 'refresh'. Either include it or remove the dependency array            react-hooks/exhaustive-deps
  Line 3194:63:  React Hook useEffect has a missing dependency: 'load'. Either include it or remove the dependency array               react-hooks/exhaustive-deps
  Line 3487:63:  React Hook useEffect has a missing dependency: 'load'. Either include it or remove the dependency array               react-hooks/exhaustive-deps
  Line 3706:63:  React Hook useEffect has a missing dependency: 'load'. Either include it or remove the dependency array               react-hooks/exhaustive-deps
  Line 3905:63:  React Hook useEffect has a missing dependency: 'load'. Either include it or remove the dependency array               react-hooks/exhaustive-deps
  Line 4173:63:  React Hook useEffect has a missing dependency: 'load'. Either include it or remove the dependency array               react-hooks/exhaustive-deps
  Line 4718:70:  React Hook useEffect has a missing dependency: 'loadPreview'. Either include it or remove the dependency array        react-hooks/exhaustive-deps
  Line 5015:67:  React Hook useEffect has missing dependencies: 'days' and 'load'. Either include them or remove the dependency array  react-hooks/exhaustive-deps
  Line 5430:69:  React Hook useEffect has a missing dependency: 'load'. Either include it or remove the dependency array               react-hooks/exhaustive-deps

src\components\admin\UsersTab.jsx
  Line 42:94:  React Hook useEffect has a missing dependency: 'refresh'. Either include it or remove the dependency array  react-hooks/exhaustive-deps

src\lib\seo.js
  Line 169:6:  React Hook useEffect has a missing dependency: 'jsonLd'. Either include it or remove the dependency array                                 react-hooks/exhaustive-deps
  Line 169:7:  React Hook useEffect has a complex expression in the dependency array. Extract it to a separate variable so it can be statically checked  react-hooks/exhaustive-deps

src\pages\AccountDeletePage.jsx
  Line 51:40:  React Hook useEffect has a missing dependency: 'loadStatus'. Either include it or remove the dependency array  react-hooks/exhaustive-deps

src\pages\CommunityPage.jsx
  Line 2979:66:  React Hook useEffect has a missing dependency: 'refresh'. Either include it or remove the dependency array                                                                                           react-hooks/exhaustive-deps
  Line 3337:35:  React Hook useEffect has a missing dependency: 'refresh'. Either include it or remove the dependency array                                                                                           react-hooks/exhaustive-deps
  Line 3592:9:   The 'messages' logical expression could make the dependencies of useEffect Hook (at line 3598) change on every render. To fix this, wrap the initialization of 'messages' in its own useMemo() Hook  react-hooks/exhaustive-deps
  Line 3664:6:   React Hook useEffect has a missing dependency: 'tokenForChannel'. Either include it or remove the dependency array                                                                                   react-hooks/exhaustive-deps

src\pages\MakerDashboard\CoachTab.jsx
  Line 48:6:  React Hook useEffect has a missing dependency: 'selectedSlug'. Either include it or remove the dependency array  react-hooks/exhaustive-deps

src\pages\MakerDashboard\PromoteWizard.jsx
  Line 116:6:  React Hook useEffect has missing dependencies: 'budgetCents' and 'goal'. Either include them or remove the dependency array  react-hooks/exhaustive-deps

[39m[22m

webpack compiled with [1m[33m1 warning[39m[22m
Compiling...
Compiled with warnings.

[eslint] 
src\components\ShopHeroMosaic.jsx
  Line 95:5:  React Hook useMemo has a missing dependency: 'eligible'. Either include it or remove the dependency array  react-hooks/exhaustive-deps

src\components\admin\ActivationFunnelTab.jsx
  Line 85:6:  React Hook useEffect has a missing dependency: 'load'. Either include it or remove the dependency array  react-hooks/exhaustive-deps

src\components\admin\AdsTab.jsx
  Line 51:67:  React Hook useEffect has missing dependencies: 'days' and 'load'. Either include them or remove the dependency array  react-hooks/exhaustive-deps

src\components\admin\ChatModTab.jsx
  Line 59:81:  React Hook useEffect has a missing dependency: 'refreshMessages'. Either include it or remove the dependency array  react-hooks/exhaustive-deps

src\components\admin\DesignFileReportsTab.jsx
  Line 42:66:  React Hook useEffect has a missing dependency: 'refresh'. Either include it or remove the dependency array  react-hooks/exhaustive-deps

src\components\admin\FounderFunnelTab.jsx
  Line 42:69:  React Hook useEffect has a missing dependency: 'load'. Either include it or remove the dependency array  react-hooks/exhaustive-deps

src\components\admin\MsftRoasCard.jsx
  Line 37:66:  React Hook useEffect has a missing dependency: 'refresh'. Either include it or remove the dependency array  react-hooks/exhaustive-deps

src\components\admin\PayPalEventsTab.jsx
  Line 51:76:  React Hook useEffect has a missing dependency: 'load'. Either include it or remove the dependency array  react-hooks/exhaustive-deps

src\components\admin\PolicyManagementTab.jsx
  Line 58:32:  React Hook useEffect has a missing dependency: 'load'. Either include it or remove the dependency array  react-hooks/exhaustive-deps

src\components\admin\PricingLabelAbCard.jsx
  Line 31:36:  React Hook useEffect has a missing dependency: 'load'. Either include it or remove the dependency array  react-hooks/exhaustive-deps

src\components\admin\RefundApprovalsTab.jsx
  Line 34:63:  React Hook useEffect has a missing dependency: 'load'. Either include it or remove the dependency array  react-hooks/exhaustive-deps

src\components\admin\RetentionTab.jsx
  Line 46:68:  React Hook useEffect has a missing dependency: 'load'. Either include it or remove the dependency array                                                                                  react-hooks/exhaustive-deps
  Line 48:9:   The 'rows' logical expression could make the dependencies of useMemo Hook (at line 60) change on every render. To fix this, wrap the initialization of 'rows' in its own useMemo() Hook  react-hooks/exhaustive-deps

src\components\admin\SettingsTab.jsx
  Line 2310:94:  React Hook useEffect has a missing dependency: 'refresh'. Either include it or remove the dependency array            react-hooks/exhaustive-deps
  Line 3011:35:  React Hook useEffect has a missing dependency: 'refresh'. Either include it or remove the dependency array            react-hooks/exhaustive-deps
  Line 3194:63:  React Hook useEffect has a missing dependency: 'load'. Either include it or remove the dependency array               react-hooks/exhaustive-deps
  Line 3487:63:  React Hook useEffect has a missing dependency: 'load'. Either include it or remove the dependency array               react-hooks/exhaustive-deps
  Line 3706:63:  React Hook useEffect has a missing dependency: 'load'. Either include it or remove the dependency array               react-hooks/exhaustive-deps
  Line 3905:63:  React Hook useEffect has a missing dependency: 'load'. Either include it or remove the dependency array               react-hooks/exhaustive-deps
  Line 4173:63:  React Hook useEffect has a missing dependency: 'load'. Either include it or remove the dependency array               react-hooks/exhaustive-deps
  Line 4718:70:  React Hook useEffect has a missing dependency: 'loadPreview'. Either include it or remove the dependency array        react-hooks/exhaustive-deps
  Line 5015:67:  React Hook useEffect has missing dependencies: 'days' and 'load'. Either include them or remove the dependency array  react-hooks/exhaustive-deps
  Line 5430:69:  React Hook useEffect has a missing dependency: 'load'. Either include it or remove the dependency array               react-hooks/exhaustive-deps

src\components\admin\UsersTab.jsx
  Line 42:94:  React Hook useEffect has a missing dependency: 'refresh'. Either include it or remove the dependency array  react-hooks/exhaustive-deps

src\lib\seo.js
  Line 169:6:  React Hook useEffect has a missing dependency: 'jsonLd'. Either include it or remove the dependency array                                 react-hooks/exhaustive-deps
  Line 169:7:  React Hook useEffect has a complex expression in the dependency array. Extract it to a separate variable so it can be statically checked  react-hooks/exhaustive-deps

src\pages\AccountDeletePage.jsx
  Line 51:40:  React Hook useEffect has a missing dependency: 'loadStatus'. Either include it or remove the dependency array  react-hooks/exhaustive-deps

src\pages\CommunityPage.jsx
  Line 2979:66:  React Hook useEffect has a missing dependency: 'refresh'. Either include it or remove the dependency array                                                                                           react-hooks/exhaustive-deps
  Line 3337:35:  React Hook useEffect has a missing dependency: 'refresh'. Either include it or remove the dependency array                                                                                           react-hooks/exhaustive-deps
  Line 3592:9:   The 'messages' logical expression could make the dependencies of useEffect Hook (at line 3598) change on every render. To fix this, wrap the initialization of 'messages' in its own useMemo() Hook  react-hooks/exhaustive-deps
  Line 3664:6:   React Hook useEffect has a missing dependency: 'tokenForChannel'. Either include it or remove the dependency array                                                                                   react-hooks/exhaustive-deps

src\pages\MakerDashboard\CoachTab.jsx
  Line 48:6:  React Hook useEffect has a missing dependency: 'selectedSlug'. Either include it or remove the dependency array  react-hooks/exhaustive-deps

src\pages\MakerDashboard\PromoteWizard.jsx
  Line 116:6:  React Hook useEffect has missing dependencies: 'budgetCents' and 'goal'. Either include them or remove the dependency array  react-hooks/exhaustive-deps

Search for the keywords to learn more about each warning.
To ignore, add // eslint-disable-next-line to the line before.

[1m[33mWARNING[39m[22m in [1m[eslint] 
src\components\ShopHeroMosaic.jsx
  Line 95:5:  React Hook useMemo has a missing dependency: 'eligible'. Either include it or remove the dependency array  react-hooks/exhaustive-deps

src\components\admin\ActivationFunnelTab.jsx
  Line 85:6:  React Hook useEffect has a missing dependency: 'load'. Either include it or remove the dependency array  react-hooks/exhaustive-deps

src\components\admin\AdsTab.jsx
  Line 51:67:  React Hook useEffect has missing dependencies: 'days' and 'load'. Either include them or remove the dependency array  react-hooks/exhaustive-deps

src\components\admin\ChatModTab.jsx
  Line 59:81:  React Hook useEffect has a missing dependency: 'refreshMessages'. Either include it or remove the dependency array  react-hooks/exhaustive-deps

src\components\admin\DesignFileReportsTab.jsx
  Line 42:66:  React Hook useEffect has a missing dependency: 'refresh'. Either include it or remove the dependency array  react-hooks/exhaustive-deps

src\components\admin\FounderFunnelTab.jsx
  Line 42:69:  React Hook useEffect has a missing dependency: 'load'. Either include it or remove the dependency array  react-hooks/exhaustive-deps

src\components\admin\MsftRoasCard.jsx
  Line 37:66:  React Hook useEffect has a missing dependency: 'refresh'. Either include it or remove the dependency array  react-hooks/exhaustive-deps

src\components\admin\PayPalEventsTab.jsx
  Line 51:76:  React Hook useEffect has a missing dependency: 'load'. Either include it or remove the dependency array  react-hooks/exhaustive-deps

src\components\admin\PolicyManagementTab.jsx
  Line 58:32:  React Hook useEffect has a missing dependency: 'load'. Either include it or remove the dependency array  react-hooks/exhaustive-deps

src\components\admin\PricingLabelAbCard.jsx
  Line 31:36:  React Hook useEffect has a missing dependency: 'load'. Either include it or remove the dependency array  react-hooks/exhaustive-deps

src\components\admin\RefundApprovalsTab.jsx
  Line 34:63:  React Hook useEffect has a missing dependency: 'load'. Either include it or remove the dependency array  react-hooks/exhaustive-deps

src\components\admin\RetentionTab.jsx
  Line 46:68:  React Hook useEffect has a missing dependency: 'load'. Either include it or remove the dependency array                                                                                  react-hooks/exhaustive-deps
  Line 48:9:   The 'rows' logical expression could make the dependencies of useMemo Hook (at line 60) change on every render. To fix this, wrap the initialization of 'rows' in its own useMemo() Hook  react-hooks/exhaustive-deps

src\components\admin\SettingsTab.jsx
  Line 2310:94:  React Hook useEffect has a missing dependency: 'refresh'. Either include it or remove the dependency array            react-hooks/exhaustive-deps
  Line 3011:35:  React Hook useEffect has a missing dependency: 'refresh'. Either include it or remove the dependency array            react-hooks/exhaustive-deps
  Line 3194:63:  React Hook useEffect has a missing dependency: 'load'. Either include it or remove the dependency array               react-hooks/exhaustive-deps
  Line 3487:63:  React Hook useEffect has a missing dependency: 'load'. Either include it or remove the dependency array               react-hooks/exhaustive-deps
  Line 3706:63:  React Hook useEffect has a missing dependency: 'load'. Either include it or remove the dependency array               react-hooks/exhaustive-deps
  Line 3905:63:  React Hook useEffect has a missing dependency: 'load'. Either include it or remove the dependency array               react-hooks/exhaustive-deps
  Line 4173:63:  React Hook useEffect has a missing dependency: 'load'. Either include it or remove the dependency array               react-hooks/exhaustive-deps
  Line 4718:70:  React Hook useEffect has a missing dependency: 'loadPreview'. Either include it or remove the dependency array        react-hooks/exhaustive-deps
  Line 5015:67:  React Hook useEffect has missing dependencies: 'days' and 'load'. Either include them or remove the dependency array  react-hooks/exhaustive-deps
  Line 5430:69:  React Hook useEffect has a missing dependency: 'load'. Either include it or remove the dependency array               react-hooks/exhaustive-deps

src\components\admin\UsersTab.jsx
  Line 42:94:  React Hook useEffect has a missing dependency: 'refresh'. Either include it or remove the dependency array  react-hooks/exhaustive-deps

src\lib\seo.js
  Line 169:6:  React Hook useEffect has a missing dependency: 'jsonLd'. Either include it or remove the dependency array                                 react-hooks/exhaustive-deps
  Line 169:7:  React Hook useEffect has a complex expression in the dependency array. Extract it to a separate variable so it can be statically checked  react-hooks/exhaustive-deps

src\pages\AccountDeletePage.jsx
  Line 51:40:  React Hook useEffect has a missing dependency: 'loadStatus'. Either include it or remove the dependency array  react-hooks/exhaustive-deps

src\pages\CommunityPage.jsx
  Line 2979:66:  React Hook useEffect has a missing dependency: 'refresh'. Either include it or remove the dependency array                                                                                           react-hooks/exhaustive-deps
  Line 3337:35:  React Hook useEffect has a missing dependency: 'refresh'. Either include it or remove the dependency array                                                                                           react-hooks/exhaustive-deps
  Line 3592:9:   The 'messages' logical expression could make the dependencies of useEffect Hook (at line 3598) change on every render. To fix this, wrap the initialization of 'messages' in its own useMemo() Hook  react-hooks/exhaustive-deps
  Line 3664:6:   React Hook useEffect has a missing dependency: 'tokenForChannel'. Either include it or remove the dependency array                                                                                   react-hooks/exhaustive-deps

src\pages\MakerDashboard\CoachTab.jsx
  Line 48:6:  React Hook useEffect has a missing dependency: 'selectedSlug'. Either include it or remove the dependency array  react-hooks/exhaustive-deps

src\pages\MakerDashboard\PromoteWizard.jsx
  Line 116:6:  React Hook useEffect has missing dependencies: 'budgetCents' and 'goal'. Either include them or remove the dependency array  react-hooks/exhaustive-deps

[39m[22m

webpack compiled with [1m[33m1 warning[39m[22m
Compiling...
Failed to compile.

[eslint] 
src\components\MakerAgreementModal.jsx
Syntax error: Missing semicolon. (28:67) (28:67)
[1m[33mWARNING[39m[22m in [1m[eslint] 
src\components\ShopHeroMosaic.jsx
  Line 95:5:  React Hook useMemo has a missing dependency: 'eligible'. Either include it or remove the dependency array  react-hooks/exhaustive-deps

src\components\admin\ActivationFunnelTab.jsx
  Line 85:6:  React Hook useEffect has a missing dependency: 'load'. Either include it or remove the dependency array  react-hooks/exhaustive-deps

src\components\admin\AdsTab.jsx
  Line 51:67:  React Hook useEffect has missing dependencies: 'days' and 'load'. Either include them or remove the dependency array  react-hooks/exhaustive-deps

src\components\admin\ChatModTab.jsx
  Line 59:81:  React Hook useEffect has a missing dependency: 'refreshMessages'. Either include it or remove the dependency array  react-hooks/exhaustive-deps

src\components\admin\DesignFileReportsTab.jsx
  Line 42:66:  React Hook useEffect has a missing dependency: 'refresh'. Either include it or remove the dependency array  react-hooks/exhaustive-deps

src\components\admin\FounderFunnelTab.jsx
  Line 42:69:  React Hook useEffect has a missing dependency: 'load'. Either include it or remove the dependency array  react-hooks/exhaustive-deps

src\components\admin\MsftRoasCard.jsx
  Line 37:66:  React Hook useEffect has a missing dependency: 'refresh'. Either include it or remove the dependency array  react-hooks/exhaustive-deps

src\components\admin\PayPalEventsTab.jsx
  Line 51:76:  React Hook useEffect has a missing dependency: 'load'. Either include it or remove the dependency array  react-hooks/exhaustive-deps

src\components\admin\PolicyManagementTab.jsx
  Line 58:32:  React Hook useEffect has a missing dependency: 'load'. Either include it or remove the dependency array  react-hooks/exhaustive-deps

src\components\admin\PricingLabelAbCard.jsx
  Line 31:36:  React Hook useEffect has a missing dependency: 'load'. Either include it or remove the dependency array  react-hooks/exhaustive-deps

src\components\admin\RefundApprovalsTab.jsx
  Line 34:63:  React Hook useEffect has a missing dependency: 'load'. Either include it or remove the dependency array  react-hooks/exhaustive-deps

src\components\admin\RetentionTab.jsx
  Line 46:68:  React Hook useEffect has a missing dependency: 'load'. Either include it or remove the dependency array                                                                                  react-hooks/exhaustive-deps
  Line 48:9:   The 'rows' logical expression could make the dependencies of useMemo Hook (at line 60) change on every render. To fix this, wrap the initialization of 'rows' in its own useMemo() Hook  react-hooks/exhaustive-deps

src\components\admin\SettingsTab.jsx
  Line 2310:94:  React Hook useEffect has a missing dependency: 'refresh'. Either include it or remove the dependency array            react-hooks/exhaustive-deps
  Line 3011:35:  React Hook useEffect has a missing dependency: 'refresh'. Either include it or remove the dependency array            react-hooks/exhaustive-deps
  Line 3194:63:  React Hook useEffect has a missing dependency: 'load'. Either include it or remove the dependency array               react-hooks/exhaustive-deps
  Line 3487:63:  React Hook useEffect has a missing dependency: 'load'. Either include it or remove the dependency array               react-hooks/exhaustive-deps
  Line 3706:63:  React Hook useEffect has a missing dependency: 'load'. Either include it or remove the dependency array               react-hooks/exhaustive-deps
  Line 3905:63:  React Hook useEffect has a missing dependency: 'load'. Either include it or remove the dependency array               react-hooks/exhaustive-deps
  Line 4173:63:  React Hook useEffect has a missing dependency: 'load'. Either include it or remove the dependency array               react-hooks/exhaustive-deps
  Line 4718:70:  React Hook useEffect has a missing dependency: 'loadPreview'. Either include it or remove the dependency array        react-hooks/exhaustive-deps
  Line 5015:67:  React Hook useEffect has missing dependencies: 'days' and 'load'. Either include them or remove the dependency array  react-hooks/exhaustive-deps
  Line 5430:69:  React Hook useEffect has a missing dependency: 'load'. Either include it or remove the dependency array               react-hooks/exhaustive-deps

src\components\admin\UsersTab.jsx
  Line 42:94:  React Hook useEffect has a missing dependency: 'refresh'. Either include it or remove the dependency array  react-hooks/exhaustive-deps

src\lib\seo.js
  Line 169:6:  React Hook useEffect has a missing dependency: 'jsonLd'. Either include it or remove the dependency array                                 react-hooks/exhaustive-deps
  Line 169:7:  React Hook useEffect has a complex expression in the dependency array. Extract it to a separate variable so it can be statically checked  react-hooks/exhaustive-deps

src\pages\AccountDeletePage.jsx
  Line 51:40:  React Hook useEffect has a missing dependency: 'loadStatus'. Either include it or remove the dependency array  react-hooks/exhaustive-deps

src\pages\CommunityPage.jsx
  Line 2979:66:  React Hook useEffect has a missing dependency: 'refresh'. Either include it or remove the dependency array                                                                                           react-hooks/exhaustive-deps
  Line 3337:35:  React Hook useEffect has a missing dependency: 'refresh'. Either include it or remove the dependency array                                                                                           react-hooks/exhaustive-deps
  Line 3592:9:   The 'messages' logical expression could make the dependencies of useEffect Hook (at line 3598) change on every render. To fix this, wrap the initialization of 'messages' in its own useMemo() Hook  react-hooks/exhaustive-deps
  Line 3664:6:   React Hook useEffect has a missing dependency: 'tokenForChannel'. Either include it or remove the dependency array                                                                                   react-hooks/exhaustive-deps

src\pages\MakerDashboard\CoachTab.jsx
  Line 48:6:  React Hook useEffect has a missing dependency: 'selectedSlug'. Either include it or remove the dependency array  react-hooks/exhaustive-deps

src\pages\MakerDashboard\PromoteWizard.jsx
  Line 116:6:  React Hook useEffect has missing dependencies: 'budgetCents' and 'goal'. Either include them or remove the dependency array  react-hooks/exhaustive-deps

[39m[22m

[1m[31mERROR[39m[22m in [1m./src/components/MakerAgreementModal.jsx[39m[22m
Module build failed (from ./node_modules/babel-loader/lib/index.js):
SyntaxError: C:\Users\willi\Documents\Codex\Craftersmarket\frontend\src\components\MakerAgreementModal.jsx: Missing semicolon. (28:67)

[0m [90m 26 |[39m     setBusy([36mtrue[39m)[33m;[39m
 [90m 27 |[39m     [36mtry[39m {
[31m[1m>[22m[39m[90m 28 |[39m       [36mif[39m (status[33m.[39mpolicy_notice_id [33m&&[39m status[33m.[39mpolicy_version_id) {[32m`r`[39mn        [36mawait[39m acknowledgePolicyNotice({ notification_id[33m:[39m status[33m.[39mpolicy_notice_id[33m,[39m version_id[33m:[39m status[33m.[39mpolicy_version_id[33m,[39m accepted[33m:[39m [36mtrue[39m })[33m;[39m[32m`r`[39mn      } [36melse[39m {[32m`r`[39mn        [36mawait[39m http[33m.[39mpost([32m"/maker/agreement/accept"[39m[33m,[39m[32m`r`[39mn          { version[33m:[39m status[33m.[39mcurrent_version }[33m,[39m { headers[33m:[39m authHeaders() })[33m;[39m[32m`r`[39mn      }
 [90m    |[39m                                                                    [31m[1m^[22m[39m
 [90m 29 |[39m       toast[33m.[39msuccess([32m"Agreement accepted — thank you."[39m)[33m;[39m
 [90m 30 |[39m       setStatus((s) [33m=>[39m ({ [33m...[39ms[33m,[39m requires_acceptance[33m:[39m [36mfalse[39m }))[33m;[39m
 [90m 31 |[39m     } [36mcatch[39m (e) {[0m
    at constructor (C:\Users\willi\Documents\Codex\Craftersmarket\frontend\node_modules\@babel\parser\lib\index.js:365:19)
    at FlowParserMixin.raise (C:\Users\willi\Documents\Codex\Craftersmarket\frontend\node_modules\@babel\parser\lib\index.js:6616:19)
    at FlowParserMixin.semicolon (C:\Users\willi\Documents\Codex\Craftersmarket\frontend\node_modules\@babel\parser\lib\index.js:6912:10)
    at FlowParserMixin.parseExpressionStatement (C:\Users\willi\Documents\Codex\Craftersmarket\frontend\node_modules\@babel\parser\lib\index.js:13302:10)
    at FlowParserMixin.parseExpressionStatement (C:\Users\willi\Documents\Codex\Craftersmarket\frontend\node_modules\@babel\parser\lib\index.js:2952:18)
    at FlowParserMixin.parseStatementContent (C:\Users\willi\Documents\Codex\Craftersmarket\frontend\node_modules\@babel\parser\lib\index.js:12916:19)
    at FlowParserMixin.parseStatementLike (C:\Users\willi\Documents\Codex\Craftersmarket\frontend\node_modules\@babel\parser\lib\index.js:12784:17)
    at FlowParserMixin.parseStatementLike (C:\Users\willi\Documents\Codex\Craftersmarket\frontend\node_modules\@babel\parser\lib\index.js:2930:24)
    at FlowParserMixin.parseStatementListItem (C:\Users\willi\Documents\Codex\Craftersmarket\frontend\node_modules\@babel\parser\lib\index.js:12764:17)
    at FlowParserMixin.parseBlockOrModuleBlockBody (C:\Users\willi\Documents\Codex\Craftersmarket\frontend\node_modules\@babel\parser\lib\index.js:13333:61)
    at FlowParserMixin.parseBlockBody (C:\Users\willi\Documents\Codex\Craftersmarket\frontend\node_modules\@babel\parser\lib\index.js:13326:10)
    at FlowParserMixin.parseBlock (C:\Users\willi\Documents\Codex\Craftersmarket\frontend\node_modules\@babel\parser\lib\index.js:13314:10)
    at FlowParserMixin.parseStatementContent (C:\Users\willi\Documents\Codex\Craftersmarket\frontend\node_modules\@babel\parser\lib\index.js:12875:21)
    at FlowParserMixin.parseStatementLike (C:\Users\willi\Documents\Codex\Craftersmarket\frontend\node_modules\@babel\parser\lib\index.js:12784:17)
    at FlowParserMixin.parseStatementLike (C:\Users\willi\Documents\Codex\Craftersmarket\frontend\node_modules\@babel\parser\lib\index.js:2930:24)
    at FlowParserMixin.parseStatementOrSloppyAnnexBFunctionDeclaration (C:\Users\willi\Documents\Codex\Craftersmarket\frontend\node_modules\@babel\parser\lib\index.js:12774:17)
    at FlowParserMixin.parseIfStatement (C:\Users\willi\Documents\Codex\Craftersmarket\frontend\node_modules\@babel\parser\lib\index.js:13147:28)
    at FlowParserMixin.parseStatementContent (C:\Users\willi\Documents\Codex\Craftersmarket\frontend\node_modules\@babel\parser\lib\index.js:12813:21)
    at FlowParserMixin.parseStatementLike (C:\Users\willi\Documents\Codex\Craftersmarket\frontend\node_modules\@babel\parser\lib\index.js:12784:17)
    at FlowParserMixin.parseStatementLike (C:\Users\willi\Documents\Codex\Craftersmarket\frontend\node_modules\@babel\parser\lib\index.js:2930:24)
    at FlowParserMixin.parseStatementListItem (C:\Users\willi\Documents\Codex\Craftersmarket\frontend\node_modules\@babel\parser\lib\index.js:12764:17)
    at FlowParserMixin.parseBlockOrModuleBlockBody (C:\Users\willi\Documents\Codex\Craftersmarket\frontend\node_modules\@babel\parser\lib\index.js:13333:61)
    at FlowParserMixin.parseBlockBody (C:\Users\willi\Documents\Codex\Craftersmarket\frontend\node_modules\@babel\parser\lib\index.js:13326:10)
    at FlowParserMixin.parseBlock (C:\Users\willi\Documents\Codex\Craftersmarket\frontend\node_modules\@babel\parser\lib\index.js:13314:10)
    at FlowParserMixin.parseTryStatement (C:\Users\willi\Documents\Codex\Craftersmarket\frontend\node_modules\@babel\parser\lib\index.js:13222:23)
    at FlowParserMixin.parseStatementContent (C:\Users\willi\Documents\Codex\Craftersmarket\frontend\node_modules\@babel\parser\lib\index.js:12821:21)
    at FlowParserMixin.parseStatementLike (C:\Users\willi\Documents\Codex\Craftersmarket\frontend\node_modules\@babel\parser\lib\index.js:12784:17)
    at FlowParserMixin.parseStatementLike (C:\Users\willi\Documents\Codex\Craftersmarket\frontend\node_modules\@babel\parser\lib\index.js:2930:24)
    at FlowParserMixin.parseStatementListItem (C:\Users\willi\Documents\Codex\Craftersmarket\frontend\node_modules\@babel\parser\lib\index.js:12764:17)
    at FlowParserMixin.parseBlockOrModuleBlockBody (C:\Users\willi\Documents\Codex\Craftersmarket\frontend\node_modules\@babel\parser\lib\index.js:13333:61)
    at FlowParserMixin.parseBlockBody (C:\Users\willi\Documents\Codex\Craftersmarket\frontend\node_modules\@babel\parser\lib\index.js:13326:10)
    at FlowParserMixin.parseBlock (C:\Users\willi\Documents\Codex\Craftersmarket\frontend\node_modules\@babel\parser\lib\index.js:13314:10)
    at FlowParserMixin.parseFunctionBody (C:\Users\willi\Documents\Codex\Craftersmarket\frontend\node_modules\@babel\parser\lib\index.js:12117:24)
    at FlowParserMixin.parseFunctionBody (C:\Users\willi\Documents\Codex\Craftersmarket\frontend\node_modules\@babel\parser\lib\index.js:2907:11)
    at FlowParserMixin.parseFunctionBodyAndFinish (C:\Users\willi\Documents\Codex\Craftersmarket\frontend\node_modules\@babel\parser\lib\index.js:12103:10)
    at FlowParserMixin.parseFunctionBodyAndFinish (C:\Users\willi\Documents\Codex\Craftersmarket\frontend\node_modules\@babel\parser\lib\index.js:2915:18)
    at C:\Users\willi\Documents\Codex\Craftersmarket\frontend\node_modules\@babel\parser\lib\index.js:13462:12
    at FlowParserMixin.withSmartMixTopicForbiddingContext (C:\Users\willi\Documents\Codex\Craftersmarket\frontend\node_modules\@babel\parser\lib\index.js:12420:14)
    at FlowParserMixin.parseFunction (C:\Users\willi\Documents\Codex\Craftersmarket\frontend\node_modules\@babel\parser\lib\index.js:13461:10)
    at FlowParserMixin.parseFunctionStatement (C:\Users\willi\Documents\Codex\Craftersmarket\frontend\node_modules\@babel\parser\lib\index.js:13142:17)
    at FlowParserMixin.parseStatementContent (C:\Users\willi\Documents\Codex\Craftersmarket\frontend\node_modules\@babel\parser\lib\index.js:12907:25)
    at FlowParserMixin.parseStatementLike (C:\Users\willi\Documents\Codex\Craftersmarket\frontend\node_modules\@babel\parser\lib\index.js:12784:17)
    at FlowParserMixin.parseStatementLike (C:\Users\willi\Documents\Codex\Craftersmarket\frontend\node_modules\@babel\parser\lib\index.js:2930:24)
    at FlowParserMixin.parseStatementListItem (C:\Users\willi\Documents\Codex\Craftersmarket\frontend\node_modules\@babel\parser\lib\index.js:12764:17)
    at FlowParserMixin.parseBlockOrModuleBlockBody (C:\Users\willi\Documents\Codex\Craftersmarket\frontend\node_modules\@babel\parser\lib\index.js:13333:61)
    at FlowParserMixin.parseBlockBody (C:\Users\willi\Documents\Codex\Craftersmarket\frontend\node_modules\@babel\parser\lib\index.js:13326:10)
    at FlowParserMixin.parseBlock (C:\Users\willi\Documents\Codex\Craftersmarket\frontend\node_modules\@babel\parser\lib\index.js:13314:10)
    at FlowParserMixin.parseFunctionBody (C:\Users\willi\Documents\Codex\Craftersmarket\frontend\node_modules\@babel\parser\lib\index.js:12117:24)
    at FlowParserMixin.parseFunctionBody (C:\Users\willi\Documents\Codex\Craftersmarket\frontend\node_modules\@babel\parser\lib\index.js:2907:11)
    at FlowParserMixin.parseFunctionBodyAndFinish (C:\Users\willi\Documents\Codex\Craftersmarket\frontend\node_modules\@babel\parser\lib\index.js:12103:10)

[1m[31mERROR[39m[22m in [1m[eslint] 
src\components\MakerAgreementModal.jsx
  Line 28:67:  Parsing [1m[31merror[39m[22m[1m: Missing semicolon. (28:67)

[39m[22m

webpack compiled with [1m[31m2 errors[39m[22m and [1m[33m1 warning[39m[22m
Compiling...
Compiled with warnings.

[eslint] 
src\components\ShopHeroMosaic.jsx
  Line 95:5:  React Hook useMemo has a missing dependency: 'eligible'. Either include it or remove the dependency array  react-hooks/exhaustive-deps

src\components\admin\ActivationFunnelTab.jsx
  Line 85:6:  React Hook useEffect has a missing dependency: 'load'. Either include it or remove the dependency array  react-hooks/exhaustive-deps

src\components\admin\AdsTab.jsx
  Line 51:67:  React Hook useEffect has missing dependencies: 'days' and 'load'. Either include them or remove the dependency array  react-hooks/exhaustive-deps

src\components\admin\ChatModTab.jsx
  Line 59:81:  React Hook useEffect has a missing dependency: 'refreshMessages'. Either include it or remove the dependency array  react-hooks/exhaustive-deps

src\components\admin\DesignFileReportsTab.jsx
  Line 42:66:  React Hook useEffect has a missing dependency: 'refresh'. Either include it or remove the dependency array  react-hooks/exhaustive-deps

src\components\admin\FounderFunnelTab.jsx
  Line 42:69:  React Hook useEffect has a missing dependency: 'load'. Either include it or remove the dependency array  react-hooks/exhaustive-deps

src\components\admin\MsftRoasCard.jsx
  Line 37:66:  React Hook useEffect has a missing dependency: 'refresh'. Either include it or remove the dependency array  react-hooks/exhaustive-deps

src\components\admin\PayPalEventsTab.jsx
  Line 51:76:  React Hook useEffect has a missing dependency: 'load'. Either include it or remove the dependency array  react-hooks/exhaustive-deps

src\components\admin\PolicyManagementTab.jsx
  Line 58:32:  React Hook useEffect has a missing dependency: 'load'. Either include it or remove the dependency array  react-hooks/exhaustive-deps

src\components\admin\PricingLabelAbCard.jsx
  Line 31:36:  React Hook useEffect has a missing dependency: 'load'. Either include it or remove the dependency array  react-hooks/exhaustive-deps

src\components\admin\RefundApprovalsTab.jsx
  Line 34:63:  React Hook useEffect has a missing dependency: 'load'. Either include it or remove the dependency array  react-hooks/exhaustive-deps

src\components\admin\RetentionTab.jsx
  Line 46:68:  React Hook useEffect has a missing dependency: 'load'. Either include it or remove the dependency array                                                                                  react-hooks/exhaustive-deps
  Line 48:9:   The 'rows' logical expression could make the dependencies of useMemo Hook (at line 60) change on every render. To fix this, wrap the initialization of 'rows' in its own useMemo() Hook  react-hooks/exhaustive-deps

src\components\admin\SettingsTab.jsx
  Line 2310:94:  React Hook useEffect has a missing dependency: 'refresh'. Either include it or remove the dependency array            react-hooks/exhaustive-deps
  Line 3011:35:  React Hook useEffect has a missing dependency: 'refresh'. Either include it or remove the dependency array            react-hooks/exhaustive-deps
  Line 3194:63:  React Hook useEffect has a missing dependency: 'load'. Either include it or remove the dependency array               react-hooks/exhaustive-deps
  Line 3487:63:  React Hook useEffect has a missing dependency: 'load'. Either include it or remove the dependency array               react-hooks/exhaustive-deps
  Line 3706:63:  React Hook useEffect has a missing dependency: 'load'. Either include it or remove the dependency array               react-hooks/exhaustive-deps
  Line 3905:63:  React Hook useEffect has a missing dependency: 'load'. Either include it or remove the dependency array               react-hooks/exhaustive-deps
  Line 4173:63:  React Hook useEffect has a missing dependency: 'load'. Either include it or remove the dependency array               react-hooks/exhaustive-deps
  Line 4718:70:  React Hook useEffect has a missing dependency: 'loadPreview'. Either include it or remove the dependency array        react-hooks/exhaustive-deps
  Line 5015:67:  React Hook useEffect has missing dependencies: 'days' and 'load'. Either include them or remove the dependency array  react-hooks/exhaustive-deps
  Line 5430:69:  React Hook useEffect has a missing dependency: 'load'. Either include it or remove the dependency array               react-hooks/exhaustive-deps

src\components\admin\UsersTab.jsx
  Line 42:94:  React Hook useEffect has a missing dependency: 'refresh'. Either include it or remove the dependency array  react-hooks/exhaustive-deps

src\lib\seo.js
  Line 169:6:  React Hook useEffect has a missing dependency: 'jsonLd'. Either include it or remove the dependency array                                 react-hooks/exhaustive-deps
  Line 169:7:  React Hook useEffect has a complex expression in the dependency array. Extract it to a separate variable so it can be statically checked  react-hooks/exhaustive-deps

src\pages\AccountDeletePage.jsx
  Line 51:40:  React Hook useEffect has a missing dependency: 'loadStatus'. Either include it or remove the dependency array  react-hooks/exhaustive-deps

src\pages\CommunityPage.jsx
  Line 2979:66:  React Hook useEffect has a missing dependency: 'refresh'. Either include it or remove the dependency array                                                                                           react-hooks/exhaustive-deps
  Line 3337:35:  React Hook useEffect has a missing dependency: 'refresh'. Either include it or remove the dependency array                                                                                           react-hooks/exhaustive-deps
  Line 3592:9:   The 'messages' logical expression could make the dependencies of useEffect Hook (at line 3598) change on every render. To fix this, wrap the initialization of 'messages' in its own useMemo() Hook  react-hooks/exhaustive-deps
  Line 3664:6:   React Hook useEffect has a missing dependency: 'tokenForChannel'. Either include it or remove the dependency array                                                                                   react-hooks/exhaustive-deps

src\pages\MakerDashboard\CoachTab.jsx
  Line 48:6:  React Hook useEffect has a missing dependency: 'selectedSlug'. Either include it or remove the dependency array  react-hooks/exhaustive-deps

src\pages\MakerDashboard\PromoteWizard.jsx
  Line 116:6:  React Hook useEffect has missing dependencies: 'budgetCents' and 'goal'. Either include them or remove the dependency array  react-hooks/exhaustive-deps

Search for the keywords to learn more about each warning.
To ignore, add // eslint-disable-next-line to the line before.

[1m[33mWARNING[39m[22m in [1m[eslint] 
src\components\ShopHeroMosaic.jsx
  Line 95:5:  React Hook useMemo has a missing dependency: 'eligible'. Either include it or remove the dependency array  react-hooks/exhaustive-deps

src\components\admin\ActivationFunnelTab.jsx
  Line 85:6:  React Hook useEffect has a missing dependency: 'load'. Either include it or remove the dependency array  react-hooks/exhaustive-deps

src\components\admin\AdsTab.jsx
  Line 51:67:  React Hook useEffect has missing dependencies: 'days' and 'load'. Either include them or remove the dependency array  react-hooks/exhaustive-deps

src\components\admin\ChatModTab.jsx
  Line 59:81:  React Hook useEffect has a missing dependency: 'refreshMessages'. Either include it or remove the dependency array  react-hooks/exhaustive-deps

src\components\admin\DesignFileReportsTab.jsx
  Line 42:66:  React Hook useEffect has a missing dependency: 'refresh'. Either include it or remove the dependency array  react-hooks/exhaustive-deps

src\components\admin\FounderFunnelTab.jsx
  Line 42:69:  React Hook useEffect has a missing dependency: 'load'. Either include it or remove the dependency array  react-hooks/exhaustive-deps

src\components\admin\MsftRoasCard.jsx
  Line 37:66:  React Hook useEffect has a missing dependency: 'refresh'. Either include it or remove the dependency array  react-hooks/exhaustive-deps

src\components\admin\PayPalEventsTab.jsx
  Line 51:76:  React Hook useEffect has a missing dependency: 'load'. Either include it or remove the dependency array  react-hooks/exhaustive-deps

src\components\admin\PolicyManagementTab.jsx
  Line 58:32:  React Hook useEffect has a missing dependency: 'load'. Either include it or remove the dependency array  react-hooks/exhaustive-deps

src\components\admin\PricingLabelAbCard.jsx
  Line 31:36:  React Hook useEffect has a missing dependency: 'load'. Either include it or remove the dependency array  react-hooks/exhaustive-deps

src\components\admin\RefundApprovalsTab.jsx
  Line 34:63:  React Hook useEffect has a missing dependency: 'load'. Either include it or remove the dependency array  react-hooks/exhaustive-deps

src\components\admin\RetentionTab.jsx
  Line 46:68:  React Hook useEffect has a missing dependency: 'load'. Either include it or remove the dependency array                                                                                  react-hooks/exhaustive-deps
  Line 48:9:   The 'rows' logical expression could make the dependencies of useMemo Hook (at line 60) change on every render. To fix this, wrap the initialization of 'rows' in its own useMemo() Hook  react-hooks/exhaustive-deps

src\components\admin\SettingsTab.jsx
  Line 2310:94:  React Hook useEffect has a missing dependency: 'refresh'. Either include it or remove the dependency array            react-hooks/exhaustive-deps
  Line 3011:35:  React Hook useEffect has a missing dependency: 'refresh'. Either include it or remove the dependency array            react-hooks/exhaustive-deps
  Line 3194:63:  React Hook useEffect has a missing dependency: 'load'. Either include it or remove the dependency array               react-hooks/exhaustive-deps
  Line 3487:63:  React Hook useEffect has a missing dependency: 'load'. Either include it or remove the dependency array               react-hooks/exhaustive-deps
  Line 3706:63:  React Hook useEffect has a missing dependency: 'load'. Either include it or remove the dependency array               react-hooks/exhaustive-deps
  Line 3905:63:  React Hook useEffect has a missing dependency: 'load'. Either include it or remove the dependency array               react-hooks/exhaustive-deps
  Line 4173:63:  React Hook useEffect has a missing dependency: 'load'. Either include it or remove the dependency array               react-hooks/exhaustive-deps
  Line 4718:70:  React Hook useEffect has a missing dependency: 'loadPreview'. Either include it or remove the dependency array        react-hooks/exhaustive-deps
  Line 5015:67:  React Hook useEffect has missing dependencies: 'days' and 'load'. Either include them or remove the dependency array  react-hooks/exhaustive-deps
  Line 5430:69:  React Hook useEffect has a missing dependency: 'load'. Either include it or remove the dependency array               react-hooks/exhaustive-deps

src\components\admin\UsersTab.jsx
  Line 42:94:  React Hook useEffect has a missing dependency: 'refresh'. Either include it or remove the dependency array  react-hooks/exhaustive-deps

src\lib\seo.js
  Line 169:6:  React Hook useEffect has a missing dependency: 'jsonLd'. Either include it or remove the dependency array                                 react-hooks/exhaustive-deps
  Line 169:7:  React Hook useEffect has a complex expression in the dependency array. Extract it to a separate variable so it can be statically checked  react-hooks/exhaustive-deps

src\pages\AccountDeletePage.jsx
  Line 51:40:  React Hook useEffect has a missing dependency: 'loadStatus'. Either include it or remove the dependency array  react-hooks/exhaustive-deps

src\pages\CommunityPage.jsx
  Line 2979:66:  React Hook useEffect has a missing dependency: 'refresh'. Either include it or remove the dependency array                                                                                           react-hooks/exhaustive-deps
  Line 3337:35:  React Hook useEffect has a missing dependency: 'refresh'. Either include it or remove the dependency array                                                                                           react-hooks/exhaustive-deps
  Line 3592:9:   The 'messages' logical expression could make the dependencies of useEffect Hook (at line 3598) change on every render. To fix this, wrap the initialization of 'messages' in its own useMemo() Hook  react-hooks/exhaustive-deps
  Line 3664:6:   React Hook useEffect has a missing dependency: 'tokenForChannel'. Either include it or remove the dependency array                                                                                   react-hooks/exhaustive-deps

src\pages\MakerDashboard\CoachTab.jsx
  Line 48:6:  React Hook useEffect has a missing dependency: 'selectedSlug'. Either include it or remove the dependency array  react-hooks/exhaustive-deps

src\pages\MakerDashboard\PromoteWizard.jsx
  Line 116:6:  React Hook useEffect has missing dependencies: 'budgetCents' and 'goal'. Either include them or remove the dependency array  react-hooks/exhaustive-deps

[39m[22m

webpack compiled with [1m[33m1 warning[39m[22m
Compiling...
Compiled with warnings.

[eslint] 
src\components\ShopHeroMosaic.jsx
  Line 95:5:  React Hook useMemo has a missing dependency: 'eligible'. Either include it or remove the dependency array  react-hooks/exhaustive-deps

src\components\admin\ActivationFunnelTab.jsx
  Line 85:6:  React Hook useEffect has a missing dependency: 'load'. Either include it or remove the dependency array  react-hooks/exhaustive-deps

src\components\admin\AdsTab.jsx
  Line 51:67:  React Hook useEffect has missing dependencies: 'days' and 'load'. Either include them or remove the dependency array  react-hooks/exhaustive-deps

src\components\admin\ChatModTab.jsx
  Line 59:81:  React Hook useEffect has a missing dependency: 'refreshMessages'. Either include it or remove the dependency array  react-hooks/exhaustive-deps

src\components\admin\DesignFileReportsTab.jsx
  Line 42:66:  React Hook useEffect has a missing dependency: 'refresh'. Either include it or remove the dependency array  react-hooks/exhaustive-deps

src\components\admin\FounderFunnelTab.jsx
  Line 42:69:  React Hook useEffect has a missing dependency: 'load'. Either include it or remove the dependency array  react-hooks/exhaustive-deps

src\components\admin\MsftRoasCard.jsx
  Line 37:66:  React Hook useEffect has a missing dependency: 'refresh'. Either include it or remove the dependency array  react-hooks/exhaustive-deps

src\components\admin\PayPalEventsTab.jsx
  Line 51:76:  React Hook useEffect has a missing dependency: 'load'. Either include it or remove the dependency array  react-hooks/exhaustive-deps

src\components\admin\PolicyManagementTab.jsx
  Line 58:32:  React Hook useEffect has a missing dependency: 'load'. Either include it or remove the dependency array  react-hooks/exhaustive-deps

src\components\admin\PricingLabelAbCard.jsx
  Line 31:36:  React Hook useEffect has a missing dependency: 'load'. Either include it or remove the dependency array  react-hooks/exhaustive-deps

src\components\admin\RefundApprovalsTab.jsx
  Line 34:63:  React Hook useEffect has a missing dependency: 'load'. Either include it or remove the dependency array  react-hooks/exhaustive-deps

src\components\admin\RetentionTab.jsx
  Line 46:68:  React Hook useEffect has a missing dependency: 'load'. Either include it or remove the dependency array                                                                                  react-hooks/exhaustive-deps
  Line 48:9:   The 'rows' logical expression could make the dependencies of useMemo Hook (at line 60) change on every render. To fix this, wrap the initialization of 'rows' in its own useMemo() Hook  react-hooks/exhaustive-deps

src\components\admin\SettingsTab.jsx
  Line 2310:94:  React Hook useEffect has a missing dependency: 'refresh'. Either include it or remove the dependency array            react-hooks/exhaustive-deps
  Line 3011:35:  React Hook useEffect has a missing dependency: 'refresh'. Either include it or remove the dependency array            react-hooks/exhaustive-deps
  Line 3194:63:  React Hook useEffect has a missing dependency: 'load'. Either include it or remove the dependency array               react-hooks/exhaustive-deps
  Line 3487:63:  React Hook useEffect has a missing dependency: 'load'. Either include it or remove the dependency array               react-hooks/exhaustive-deps
  Line 3706:63:  React Hook useEffect has a missing dependency: 'load'. Either include it or remove the dependency array               react-hooks/exhaustive-deps
  Line 3905:63:  React Hook useEffect has a missing dependency: 'load'. Either include it or remove the dependency array               react-hooks/exhaustive-deps
  Line 4173:63:  React Hook useEffect has a missing dependency: 'load'. Either include it or remove the dependency array               react-hooks/exhaustive-deps
  Line 4718:70:  React Hook useEffect has a missing dependency: 'loadPreview'. Either include it or remove the dependency array        react-hooks/exhaustive-deps
  Line 5015:67:  React Hook useEffect has missing dependencies: 'days' and 'load'. Either include them or remove the dependency array  react-hooks/exhaustive-deps
  Line 5430:69:  React Hook useEffect has a missing dependency: 'load'. Either include it or remove the dependency array               react-hooks/exhaustive-deps

src\components\admin\UsersTab.jsx
  Line 42:94:  React Hook useEffect has a missing dependency: 'refresh'. Either include it or remove the dependency array  react-hooks/exhaustive-deps

src\lib\seo.js
  Line 169:6:  React Hook useEffect has a missing dependency: 'jsonLd'. Either include it or remove the dependency array                                 react-hooks/exhaustive-deps
  Line 169:7:  React Hook useEffect has a complex expression in the dependency array. Extract it to a separate variable so it can be statically checked  react-hooks/exhaustive-deps

src\pages\AccountDeletePage.jsx
  Line 51:40:  React Hook useEffect has a missing dependency: 'loadStatus'. Either include it or remove the dependency array  react-hooks/exhaustive-deps

src\pages\CommunityPage.jsx
  Line 2979:66:  React Hook useEffect has a missing dependency: 'refresh'. Either include it or remove the dependency array                                                                                           react-hooks/exhaustive-deps
  Line 3337:35:  React Hook useEffect has a missing dependency: 'refresh'. Either include it or remove the dependency array                                                                                           react-hooks/exhaustive-deps
  Line 3592:9:   The 'messages' logical expression could make the dependencies of useEffect Hook (at line 3598) change on every render. To fix this, wrap the initialization of 'messages' in its own useMemo() Hook  react-hooks/exhaustive-deps
  Line 3664:6:   React Hook useEffect has a missing dependency: 'tokenForChannel'. Either include it or remove the dependency array                                                                                   react-hooks/exhaustive-deps

src\pages\MakerDashboard\CoachTab.jsx
  Line 48:6:  React Hook useEffect has a missing dependency: 'selectedSlug'. Either include it or remove the dependency array  react-hooks/exhaustive-deps

src\pages\MakerDashboard\PromoteWizard.jsx
  Line 116:6:  React Hook useEffect has missing dependencies: 'budgetCents' and 'goal'. Either include them or remove the dependency array  react-hooks/exhaustive-deps

Search for the keywords to learn more about each warning.
To ignore, add // eslint-disable-next-line to the line before.

[1m[33mWARNING[39m[22m in [1m[eslint] 
src\components\ShopHeroMosaic.jsx
  Line 95:5:  React Hook useMemo has a missing dependency: 'eligible'. Either include it or remove the dependency array  react-hooks/exhaustive-deps

src\components\admin\ActivationFunnelTab.jsx
  Line 85:6:  React Hook useEffect has a missing dependency: 'load'. Either include it or remove the dependency array  react-hooks/exhaustive-deps

src\components\admin\AdsTab.jsx
  Line 51:67:  React Hook useEffect has missing dependencies: 'days' and 'load'. Either include them or remove the dependency array  react-hooks/exhaustive-deps

src\components\admin\ChatModTab.jsx
  Line 59:81:  React Hook useEffect has a missing dependency: 'refreshMessages'. Either include it or remove the dependency array  react-hooks/exhaustive-deps

src\components\admin\DesignFileReportsTab.jsx
  Line 42:66:  React Hook useEffect has a missing dependency: 'refresh'. Either include it or remove the dependency array  react-hooks/exhaustive-deps

src\components\admin\FounderFunnelTab.jsx
  Line 42:69:  React Hook useEffect has a missing dependency: 'load'. Either include it or remove the dependency array  react-hooks/exhaustive-deps

src\components\admin\MsftRoasCard.jsx
  Line 37:66:  React Hook useEffect has a missing dependency: 'refresh'. Either include it or remove the dependency array  react-hooks/exhaustive-deps

src\components\admin\PayPalEventsTab.jsx
  Line 51:76:  React Hook useEffect has a missing dependency: 'load'. Either include it or remove the dependency array  react-hooks/exhaustive-deps

src\components\admin\PolicyManagementTab.jsx
  Line 58:32:  React Hook useEffect has a missing dependency: 'load'. Either include it or remove the dependency array  react-hooks/exhaustive-deps

src\components\admin\PricingLabelAbCard.jsx
  Line 31:36:  React Hook useEffect has a missing dependency: 'load'. Either include it or remove the dependency array  react-hooks/exhaustive-deps

src\components\admin\RefundApprovalsTab.jsx
  Line 34:63:  React Hook useEffect has a missing dependency: 'load'. Either include it or remove the dependency array  react-hooks/exhaustive-deps

src\components\admin\RetentionTab.jsx
  Line 46:68:  React Hook useEffect has a missing dependency: 'load'. Either include it or remove the dependency array                                                                                  react-hooks/exhaustive-deps
  Line 48:9:   The 'rows' logical expression could make the dependencies of useMemo Hook (at line 60) change on every render. To fix this, wrap the initialization of 'rows' in its own useMemo() Hook  react-hooks/exhaustive-deps

src\components\admin\SettingsTab.jsx
  Line 2310:94:  React Hook useEffect has a missing dependency: 'refresh'. Either include it or remove the dependency array            react-hooks/exhaustive-deps
  Line 3011:35:  React Hook useEffect has a missing dependency: 'refresh'. Either include it or remove the dependency array            react-hooks/exhaustive-deps
  Line 3194:63:  React Hook useEffect has a missing dependency: 'load'. Either include it or remove the dependency array               react-hooks/exhaustive-deps
  Line 3487:63:  React Hook useEffect has a missing dependency: 'load'. Either include it or remove the dependency array               react-hooks/exhaustive-deps
  Line 3706:63:  React Hook useEffect has a missing dependency: 'load'. Either include it or remove the dependency array               react-hooks/exhaustive-deps
  Line 3905:63:  React Hook useEffect has a missing dependency: 'load'. Either include it or remove the dependency array               react-hooks/exhaustive-deps
  Line 4173:63:  React Hook useEffect has a missing dependency: 'load'. Either include it or remove the dependency array               react-hooks/exhaustive-deps
  Line 4718:70:  React Hook useEffect has a missing dependency: 'loadPreview'. Either include it or remove the dependency array        react-hooks/exhaustive-deps
  Line 5015:67:  React Hook useEffect has missing dependencies: 'days' and 'load'. Either include them or remove the dependency array  react-hooks/exhaustive-deps
  Line 5430:69:  React Hook useEffect has a missing dependency: 'load'. Either include it or remove the dependency array               react-hooks/exhaustive-deps

src\components\admin\UsersTab.jsx
  Line 42:94:  React Hook useEffect has a missing dependency: 'refresh'. Either include it or remove the dependency array  react-hooks/exhaustive-deps

src\lib\seo.js
  Line 169:6:  React Hook useEffect has a missing dependency: 'jsonLd'. Either include it or remove the dependency array                                 react-hooks/exhaustive-deps
  Line 169:7:  React Hook useEffect has a complex expression in the dependency array. Extract it to a separate variable so it can be statically checked  react-hooks/exhaustive-deps

src\pages\AccountDeletePage.jsx
  Line 51:40:  React Hook useEffect has a missing dependency: 'loadStatus'. Either include it or remove the dependency array  react-hooks/exhaustive-deps

src\pages\CommunityPage.jsx
  Line 2979:66:  React Hook useEffect has a missing dependency: 'refresh'. Either include it or remove the dependency array                                                                                           react-hooks/exhaustive-deps
  Line 3337:35:  React Hook useEffect has a missing dependency: 'refresh'. Either include it or remove the dependency array                                                                                           react-hooks/exhaustive-deps
  Line 3592:9:   The 'messages' logical expression could make the dependencies of useEffect Hook (at line 3598) change on every render. To fix this, wrap the initialization of 'messages' in its own useMemo() Hook  react-hooks/exhaustive-deps
  Line 3664:6:   React Hook useEffect has a missing dependency: 'tokenForChannel'. Either include it or remove the dependency array                                                                                   react-hooks/exhaustive-deps

src\pages\MakerDashboard\CoachTab.jsx
  Line 48:6:  React Hook useEffect has a missing dependency: 'selectedSlug'. Either include it or remove the dependency array  react-hooks/exhaustive-deps

src\pages\MakerDashboard\PromoteWizard.jsx
  Line 116:6:  React Hook useEffect has missing dependencies: 'budgetCents' and 'goal'. Either include them or remove the dependency array  react-hooks/exhaustive-deps

[39m[22m

webpack compiled with [1m[33m1 warning[39m[22m
Compiling...
Compiled with warnings.

[eslint] 
src\components\ShopHeroMosaic.jsx
  Line 95:5:  React Hook useMemo has a missing dependency: 'eligible'. Either include it or remove the dependency array  react-hooks/exhaustive-deps

src\components\admin\ActivationFunnelTab.jsx
  Line 85:6:  React Hook useEffect has a missing dependency: 'load'. Either include it or remove the dependency array  react-hooks/exhaustive-deps

src\components\admin\AdsTab.jsx
  Line 51:67:  React Hook useEffect has missing dependencies: 'days' and 'load'. Either include them or remove the dependency array  react-hooks/exhaustive-deps

src\components\admin\ChatModTab.jsx
  Line 59:81:  React Hook useEffect has a missing dependency: 'refreshMessages'. Either include it or remove the dependency array  react-hooks/exhaustive-deps

src\components\admin\DesignFileReportsTab.jsx
  Line 42:66:  React Hook useEffect has a missing dependency: 'refresh'. Either include it or remove the dependency array  react-hooks/exhaustive-deps

src\components\admin\FounderFunnelTab.jsx
  Line 42:69:  React Hook useEffect has a missing dependency: 'load'. Either include it or remove the dependency array  react-hooks/exhaustive-deps

src\components\admin\MsftRoasCard.jsx
  Line 37:66:  React Hook useEffect has a missing dependency: 'refresh'. Either include it or remove the dependency array  react-hooks/exhaustive-deps

src\components\admin\PayPalEventsTab.jsx
  Line 51:76:  React Hook useEffect has a missing dependency: 'load'. Either include it or remove the dependency array  react-hooks/exhaustive-deps

src\components\admin\PolicyManagementTab.jsx
  Line 58:32:  React Hook useEffect has a missing dependency: 'load'. Either include it or remove the dependency array  react-hooks/exhaustive-deps

src\components\admin\PricingLabelAbCard.jsx
  Line 31:36:  React Hook useEffect has a missing dependency: 'load'. Either include it or remove the dependency array  react-hooks/exhaustive-deps

src\components\admin\RefundApprovalsTab.jsx
  Line 34:63:  React Hook useEffect has a missing dependency: 'load'. Either include it or remove the dependency array  react-hooks/exhaustive-deps

src\components\admin\RetentionTab.jsx
  Line 46:68:  React Hook useEffect has a missing dependency: 'load'. Either include it or remove the dependency array                                                                                  react-hooks/exhaustive-deps
  Line 48:9:   The 'rows' logical expression could make the dependencies of useMemo Hook (at line 60) change on every render. To fix this, wrap the initialization of 'rows' in its own useMemo() Hook  react-hooks/exhaustive-deps

src\components\admin\SettingsTab.jsx
  Line 2310:94:  React Hook useEffect has a missing dependency: 'refresh'. Either include it or remove the dependency array            react-hooks/exhaustive-deps
  Line 3011:35:  React Hook useEffect has a missing dependency: 'refresh'. Either include it or remove the dependency array            react-hooks/exhaustive-deps
  Line 3194:63:  React Hook useEffect has a missing dependency: 'load'. Either include it or remove the dependency array               react-hooks/exhaustive-deps
  Line 3487:63:  React Hook useEffect has a missing dependency: 'load'. Either include it or remove the dependency array               react-hooks/exhaustive-deps
  Line 3706:63:  React Hook useEffect has a missing dependency: 'load'. Either include it or remove the dependency array               react-hooks/exhaustive-deps
  Line 3905:63:  React Hook useEffect has a missing dependency: 'load'. Either include it or remove the dependency array               react-hooks/exhaustive-deps
  Line 4173:63:  React Hook useEffect has a missing dependency: 'load'. Either include it or remove the dependency array               react-hooks/exhaustive-deps
  Line 4718:70:  React Hook useEffect has a missing dependency: 'loadPreview'. Either include it or remove the dependency array        react-hooks/exhaustive-deps
  Line 5015:67:  React Hook useEffect has missing dependencies: 'days' and 'load'. Either include them or remove the dependency array  react-hooks/exhaustive-deps
  Line 5430:69:  React Hook useEffect has a missing dependency: 'load'. Either include it or remove the dependency array               react-hooks/exhaustive-deps

src\components\admin\UsersTab.jsx
  Line 42:94:  React Hook useEffect has a missing dependency: 'refresh'. Either include it or remove the dependency array  react-hooks/exhaustive-deps

src\lib\seo.js
  Line 169:6:  React Hook useEffect has a missing dependency: 'jsonLd'. Either include it or remove the dependency array                                 react-hooks/exhaustive-deps
  Line 169:7:  React Hook useEffect has a complex expression in the dependency array. Extract it to a separate variable so it can be statically checked  react-hooks/exhaustive-deps

src\pages\AccountDeletePage.jsx
  Line 51:40:  React Hook useEffect has a missing dependency: 'loadStatus'. Either include it or remove the dependency array  react-hooks/exhaustive-deps

src\pages\CommunityPage.jsx
  Line 2979:66:  React Hook useEffect has a missing dependency: 'refresh'. Either include it or remove the dependency array                                                                                           react-hooks/exhaustive-deps
  Line 3337:35:  React Hook useEffect has a missing dependency: 'refresh'. Either include it or remove the dependency array                                                                                           react-hooks/exhaustive-deps
  Line 3592:9:   The 'messages' logical expression could make the dependencies of useEffect Hook (at line 3598) change on every render. To fix this, wrap the initialization of 'messages' in its own useMemo() Hook  react-hooks/exhaustive-deps
  Line 3664:6:   React Hook useEffect has a missing dependency: 'tokenForChannel'. Either include it or remove the dependency array                                                                                   react-hooks/exhaustive-deps

src\pages\MakerDashboard\CoachTab.jsx
  Line 48:6:  React Hook useEffect has a missing dependency: 'selectedSlug'. Either include it or remove the dependency array  react-hooks/exhaustive-deps

src\pages\MakerDashboard\PromoteWizard.jsx
  Line 116:6:  React Hook useEffect has missing dependencies: 'budgetCents' and 'goal'. Either include them or remove the dependency array  react-hooks/exhaustive-deps

Search for the keywords to learn more about each warning.
To ignore, add // eslint-disable-next-line to the line before.

[1m[33mWARNING[39m[22m in [1m[eslint] 
src\components\ShopHeroMosaic.jsx
  Line 95:5:  React Hook useMemo has a missing dependency: 'eligible'. Either include it or remove the dependency array  react-hooks/exhaustive-deps

src\components\admin\ActivationFunnelTab.jsx
  Line 85:6:  React Hook useEffect has a missing dependency: 'load'. Either include it or remove the dependency array  react-hooks/exhaustive-deps

src\components\admin\AdsTab.jsx
  Line 51:67:  React Hook useEffect has missing dependencies: 'days' and 'load'. Either include them or remove the dependency array  react-hooks/exhaustive-deps

src\components\admin\ChatModTab.jsx
  Line 59:81:  React Hook useEffect has a missing dependency: 'refreshMessages'. Either include it or remove the dependency array  react-hooks/exhaustive-deps

src\components\admin\DesignFileReportsTab.jsx
  Line 42:66:  React Hook useEffect has a missing dependency: 'refresh'. Either include it or remove the dependency array  react-hooks/exhaustive-deps

src\components\admin\FounderFunnelTab.jsx
  Line 42:69:  React Hook useEffect has a missing dependency: 'load'. Either include it or remove the dependency array  react-hooks/exhaustive-deps

src\components\admin\MsftRoasCard.jsx
  Line 37:66:  React Hook useEffect has a missing dependency: 'refresh'. Either include it or remove the dependency array  react-hooks/exhaustive-deps

src\components\admin\PayPalEventsTab.jsx
  Line 51:76:  React Hook useEffect has a missing dependency: 'load'. Either include it or remove the dependency array  react-hooks/exhaustive-deps

src\components\admin\PolicyManagementTab.jsx
  Line 58:32:  React Hook useEffect has a missing dependency: 'load'. Either include it or remove the dependency array  react-hooks/exhaustive-deps

src\components\admin\PricingLabelAbCard.jsx
  Line 31:36:  React Hook useEffect has a missing dependency: 'load'. Either include it or remove the dependency array  react-hooks/exhaustive-deps

src\components\admin\RefundApprovalsTab.jsx
  Line 34:63:  React Hook useEffect has a missing dependency: 'load'. Either include it or remove the dependency array  react-hooks/exhaustive-deps

src\components\admin\RetentionTab.jsx
  Line 46:68:  React Hook useEffect has a missing dependency: 'load'. Either include it or remove the dependency array                                                                                  react-hooks/exhaustive-deps
  Line 48:9:   The 'rows' logical expression could make the dependencies of useMemo Hook (at line 60) change on every render. To fix this, wrap the initialization of 'rows' in its own useMemo() Hook  react-hooks/exhaustive-deps

src\components\admin\SettingsTab.jsx
  Line 2310:94:  React Hook useEffect has a missing dependency: 'refresh'. Either include it or remove the dependency array            react-hooks/exhaustive-deps
  Line 3011:35:  React Hook useEffect has a missing dependency: 'refresh'. Either include it or remove the dependency array            react-hooks/exhaustive-deps
  Line 3194:63:  React Hook useEffect has a missing dependency: 'load'. Either include it or remove the dependency array               react-hooks/exhaustive-deps
  Line 3487:63:  React Hook useEffect has a missing dependency: 'load'. Either include it or remove the dependency array               react-hooks/exhaustive-deps
  Line 3706:63:  React Hook useEffect has a missing dependency: 'load'. Either include it or remove the dependency array               react-hooks/exhaustive-deps
  Line 3905:63:  React Hook useEffect has a missing dependency: 'load'. Either include it or remove the dependency array               react-hooks/exhaustive-deps
  Line 4173:63:  React Hook useEffect has a missing dependency: 'load'. Either include it or remove the dependency array               react-hooks/exhaustive-deps
  Line 4718:70:  React Hook useEffect has a missing dependency: 'loadPreview'. Either include it or remove the dependency array        react-hooks/exhaustive-deps
  Line 5015:67:  React Hook useEffect has missing dependencies: 'days' and 'load'. Either include them or remove the dependency array  react-hooks/exhaustive-deps
  Line 5430:69:  React Hook useEffect has a missing dependency: 'load'. Either include it or remove the dependency array               react-hooks/exhaustive-deps

src\components\admin\UsersTab.jsx
  Line 42:94:  React Hook useEffect has a missing dependency: 'refresh'. Either include it or remove the dependency array  react-hooks/exhaustive-deps

src\lib\seo.js
  Line 169:6:  React Hook useEffect has a missing dependency: 'jsonLd'. Either include it or remove the dependency array                                 react-hooks/exhaustive-deps
  Line 169:7:  React Hook useEffect has a complex expression in the dependency array. Extract it to a separate variable so it can be statically checked  react-hooks/exhaustive-deps

src\pages\AccountDeletePage.jsx
  Line 51:40:  React Hook useEffect has a missing dependency: 'loadStatus'. Either include it or remove the dependency array  react-hooks/exhaustive-deps

src\pages\CommunityPage.jsx
  Line 2979:66:  React Hook useEffect has a missing dependency: 'refresh'. Either include it or remove the dependency array                                                                                           react-hooks/exhaustive-deps
  Line 3337:35:  React Hook useEffect has a missing dependency: 'refresh'. Either include it or remove the dependency array                                                                                           react-hooks/exhaustive-deps
  Line 3592:9:   The 'messages' logical expression could make the dependencies of useEffect Hook (at line 3598) change on every render. To fix this, wrap the initialization of 'messages' in its own useMemo() Hook  react-hooks/exhaustive-deps
  Line 3664:6:   React Hook useEffect has a missing dependency: 'tokenForChannel'. Either include it or remove the dependency array                                                                                   react-hooks/exhaustive-deps

src\pages\MakerDashboard\CoachTab.jsx
  Line 48:6:  React Hook useEffect has a missing dependency: 'selectedSlug'. Either include it or remove the dependency array  react-hooks/exhaustive-deps

src\pages\MakerDashboard\PromoteWizard.jsx
  Line 116:6:  React Hook useEffect has missing dependencies: 'budgetCents' and 'goal'. Either include them or remove the dependency array  react-hooks/exhaustive-deps

[39m[22m

webpack compiled with [1m[33m1 warning[39m[22m
Compiling...
Compiled with warnings.

[eslint] 
src\components\ShopHeroMosaic.jsx
  Line 95:5:  React Hook useMemo has a missing dependency: 'eligible'. Either include it or remove the dependency array  react-hooks/exhaustive-deps

src\components\admin\ActivationFunnelTab.jsx
  Line 85:6:  React Hook useEffect has a missing dependency: 'load'. Either include it or remove the dependency array  react-hooks/exhaustive-deps

src\components\admin\AdsTab.jsx
  Line 51:67:  React Hook useEffect has missing dependencies: 'days' and 'load'. Either include them or remove the dependency array  react-hooks/exhaustive-deps

src\components\admin\ChatModTab.jsx
  Line 59:81:  React Hook useEffect has a missing dependency: 'refreshMessages'. Either include it or remove the dependency array  react-hooks/exhaustive-deps

src\components\admin\DesignFileReportsTab.jsx
  Line 42:66:  React Hook useEffect has a missing dependency: 'refresh'. Either include it or remove the dependency array  react-hooks/exhaustive-deps

src\components\admin\FounderFunnelTab.jsx
  Line 42:69:  React Hook useEffect has a missing dependency: 'load'. Either include it or remove the dependency array  react-hooks/exhaustive-deps

src\components\admin\MsftRoasCard.jsx
  Line 37:66:  React Hook useEffect has a missing dependency: 'refresh'. Either include it or remove the dependency array  react-hooks/exhaustive-deps

src\components\admin\PayPalEventsTab.jsx
  Line 51:76:  React Hook useEffect has a missing dependency: 'load'. Either include it or remove the dependency array  react-hooks/exhaustive-deps

src\components\admin\PolicyManagementTab.jsx
  Line 58:32:  React Hook useEffect has a missing dependency: 'load'. Either include it or remove the dependency array  react-hooks/exhaustive-deps

src\components\admin\PricingLabelAbCard.jsx
  Line 31:36:  React Hook useEffect has a missing dependency: 'load'. Either include it or remove the dependency array  react-hooks/exhaustive-deps

src\components\admin\RefundApprovalsTab.jsx
  Line 34:63:  React Hook useEffect has a missing dependency: 'load'. Either include it or remove the dependency array  react-hooks/exhaustive-deps

src\components\admin\RetentionTab.jsx
  Line 46:68:  React Hook useEffect has a missing dependency: 'load'. Either include it or remove the dependency array                                                                                  react-hooks/exhaustive-deps
  Line 48:9:   The 'rows' logical expression could make the dependencies of useMemo Hook (at line 60) change on every render. To fix this, wrap the initialization of 'rows' in its own useMemo() Hook  react-hooks/exhaustive-deps

src\components\admin\SettingsTab.jsx
  Line 2310:94:  React Hook useEffect has a missing dependency: 'refresh'. Either include it or remove the dependency array            react-hooks/exhaustive-deps
  Line 3011:35:  React Hook useEffect has a missing dependency: 'refresh'. Either include it or remove the dependency array            react-hooks/exhaustive-deps
  Line 3194:63:  React Hook useEffect has a missing dependency: 'load'. Either include it or remove the dependency array               react-hooks/exhaustive-deps
  Line 3487:63:  React Hook useEffect has a missing dependency: 'load'. Either include it or remove the dependency array               react-hooks/exhaustive-deps
  Line 3706:63:  React Hook useEffect has a missing dependency: 'load'. Either include it or remove the dependency array               react-hooks/exhaustive-deps
  Line 3905:63:  React Hook useEffect has a missing dependency: 'load'. Either include it or remove the dependency array               react-hooks/exhaustive-deps
  Line 4173:63:  React Hook useEffect has a missing dependency: 'load'. Either include it or remove the dependency array               react-hooks/exhaustive-deps
  Line 4718:70:  React Hook useEffect has a missing dependency: 'loadPreview'. Either include it or remove the dependency array        react-hooks/exhaustive-deps
  Line 5015:67:  React Hook useEffect has missing dependencies: 'days' and 'load'. Either include them or remove the dependency array  react-hooks/exhaustive-deps
  Line 5430:69:  React Hook useEffect has a missing dependency: 'load'. Either include it or remove the dependency array               react-hooks/exhaustive-deps

src\components\admin\UsersTab.jsx
  Line 42:94:  React Hook useEffect has a missing dependency: 'refresh'. Either include it or remove the dependency array  react-hooks/exhaustive-deps

src\lib\seo.js
  Line 169:6:  React Hook useEffect has a missing dependency: 'jsonLd'. Either include it or remove the dependency array                                 react-hooks/exhaustive-deps
  Line 169:7:  React Hook useEffect has a complex expression in the dependency array. Extract it to a separate variable so it can be statically checked  react-hooks/exhaustive-deps

src\pages\AccountDeletePage.jsx
  Line 51:40:  React Hook useEffect has a missing dependency: 'loadStatus'. Either include it or remove the dependency array  react-hooks/exhaustive-deps

src\pages\CommunityPage.jsx
  Line 2979:66:  React Hook useEffect has a missing dependency: 'refresh'. Either include it or remove the dependency array                                                                                           react-hooks/exhaustive-deps
  Line 3337:35:  React Hook useEffect has a missing dependency: 'refresh'. Either include it or remove the dependency array                                                                                           react-hooks/exhaustive-deps
  Line 3592:9:   The 'messages' logical expression could make the dependencies of useEffect Hook (at line 3598) change on every render. To fix this, wrap the initialization of 'messages' in its own useMemo() Hook  react-hooks/exhaustive-deps
  Line 3664:6:   React Hook useEffect has a missing dependency: 'tokenForChannel'. Either include it or remove the dependency array                                                                                   react-hooks/exhaustive-deps

src\pages\MakerDashboard\CoachTab.jsx
  Line 48:6:  React Hook useEffect has a missing dependency: 'selectedSlug'. Either include it or remove the dependency array  react-hooks/exhaustive-deps

src\pages\MakerDashboard\PromoteWizard.jsx
  Line 116:6:  React Hook useEffect has missing dependencies: 'budgetCents' and 'goal'. Either include them or remove the dependency array  react-hooks/exhaustive-deps

Search for the keywords to learn more about each warning.
To ignore, add // eslint-disable-next-line to the line before.

[1m[33mWARNING[39m[22m in [1m[eslint] 
src\components\ShopHeroMosaic.jsx
  Line 95:5:  React Hook useMemo has a missing dependency: 'eligible'. Either include it or remove the dependency array  react-hooks/exhaustive-deps

src\components\admin\ActivationFunnelTab.jsx
  Line 85:6:  React Hook useEffect has a missing dependency: 'load'. Either include it or remove the dependency array  react-hooks/exhaustive-deps

src\components\admin\AdsTab.jsx
  Line 51:67:  React Hook useEffect has missing dependencies: 'days' and 'load'. Either include them or remove the dependency array  react-hooks/exhaustive-deps

src\components\admin\ChatModTab.jsx
  Line 59:81:  React Hook useEffect has a missing dependency: 'refreshMessages'. Either include it or remove the dependency array  react-hooks/exhaustive-deps

src\components\admin\DesignFileReportsTab.jsx
  Line 42:66:  React Hook useEffect has a missing dependency: 'refresh'. Either include it or remove the dependency array  react-hooks/exhaustive-deps

src\components\admin\FounderFunnelTab.jsx
  Line 42:69:  React Hook useEffect has a missing dependency: 'load'. Either include it or remove the dependency array  react-hooks/exhaustive-deps

src\components\admin\MsftRoasCard.jsx
  Line 37:66:  React Hook useEffect has a missing dependency: 'refresh'. Either include it or remove the dependency array  react-hooks/exhaustive-deps

src\components\admin\PayPalEventsTab.jsx
  Line 51:76:  React Hook useEffect has a missing dependency: 'load'. Either include it or remove the dependency array  react-hooks/exhaustive-deps

src\components\admin\PolicyManagementTab.jsx
  Line 58:32:  React Hook useEffect has a missing dependency: 'load'. Either include it or remove the dependency array  react-hooks/exhaustive-deps

src\components\admin\PricingLabelAbCard.jsx
  Line 31:36:  React Hook useEffect has a missing dependency: 'load'. Either include it or remove the dependency array  react-hooks/exhaustive-deps

src\components\admin\RefundApprovalsTab.jsx
  Line 34:63:  React Hook useEffect has a missing dependency: 'load'. Either include it or remove the dependency array  react-hooks/exhaustive-deps

src\components\admin\RetentionTab.jsx
  Line 46:68:  React Hook useEffect has a missing dependency: 'load'. Either include it or remove the dependency array                                                                                  react-hooks/exhaustive-deps
  Line 48:9:   The 'rows' logical expression could make the dependencies of useMemo Hook (at line 60) change on every render. To fix this, wrap the initialization of 'rows' in its own useMemo() Hook  react-hooks/exhaustive-deps

src\components\admin\SettingsTab.jsx
  Line 2310:94:  React Hook useEffect has a missing dependency: 'refresh'. Either include it or remove the dependency array            react-hooks/exhaustive-deps
  Line 3011:35:  React Hook useEffect has a missing dependency: 'refresh'. Either include it or remove the dependency array            react-hooks/exhaustive-deps
  Line 3194:63:  React Hook useEffect has a missing dependency: 'load'. Either include it or remove the dependency array               react-hooks/exhaustive-deps
  Line 3487:63:  React Hook useEffect has a missing dependency: 'load'. Either include it or remove the dependency array               react-hooks/exhaustive-deps
  Line 3706:63:  React Hook useEffect has a missing dependency: 'load'. Either include it or remove the dependency array               react-hooks/exhaustive-deps
  Line 3905:63:  React Hook useEffect has a missing dependency: 'load'. Either include it or remove the dependency array               react-hooks/exhaustive-deps
  Line 4173:63:  React Hook useEffect has a missing dependency: 'load'. Either include it or remove the dependency array               react-hooks/exhaustive-deps
  Line 4718:70:  React Hook useEffect has a missing dependency: 'loadPreview'. Either include it or remove the dependency array        react-hooks/exhaustive-deps
  Line 5015:67:  React Hook useEffect has missing dependencies: 'days' and 'load'. Either include them or remove the dependency array  react-hooks/exhaustive-deps
  Line 5430:69:  React Hook useEffect has a missing dependency: 'load'. Either include it or remove the dependency array               react-hooks/exhaustive-deps

src\components\admin\UsersTab.jsx
  Line 42:94:  React Hook useEffect has a missing dependency: 'refresh'. Either include it or remove the dependency array  react-hooks/exhaustive-deps

src\lib\seo.js
  Line 169:6:  React Hook useEffect has a missing dependency: 'jsonLd'. Either include it or remove the dependency array                                 react-hooks/exhaustive-deps
  Line 169:7:  React Hook useEffect has a complex expression in the dependency array. Extract it to a separate variable so it can be statically checked  react-hooks/exhaustive-deps

src\pages\AccountDeletePage.jsx
  Line 51:40:  React Hook useEffect has a missing dependency: 'loadStatus'. Either include it or remove the dependency array  react-hooks/exhaustive-deps

src\pages\CommunityPage.jsx
  Line 2979:66:  React Hook useEffect has a missing dependency: 'refresh'. Either include it or remove the dependency array                                                                                           react-hooks/exhaustive-deps
  Line 3337:35:  React Hook useEffect has a missing dependency: 'refresh'. Either include it or remove the dependency array                                                                                           react-hooks/exhaustive-deps
  Line 3592:9:   The 'messages' logical expression could make the dependencies of useEffect Hook (at line 3598) change on every render. To fix this, wrap the initialization of 'messages' in its own useMemo() Hook  react-hooks/exhaustive-deps
  Line 3664:6:   React Hook useEffect has a missing dependency: 'tokenForChannel'. Either include it or remove the dependency array                                                                                   react-hooks/exhaustive-deps

src\pages\MakerDashboard\CoachTab.jsx
  Line 48:6:  React Hook useEffect has a missing dependency: 'selectedSlug'. Either include it or remove the dependency array  react-hooks/exhaustive-deps

src\pages\MakerDashboard\PromoteWizard.jsx
  Line 116:6:  React Hook useEffect has missing dependencies: 'budgetCents' and 'goal'. Either include them or remove the dependency array  react-hooks/exhaustive-deps

[39m[22m

webpack compiled with [1m[33m1 warning[39m[22m
Compiling...
Compiled with warnings.

[eslint] 
src\components\ShopHeroMosaic.jsx
  Line 95:5:  React Hook useMemo has a missing dependency: 'eligible'. Either include it or remove the dependency array  react-hooks/exhaustive-deps

src\components\admin\ActivationFunnelTab.jsx
  Line 85:6:  React Hook useEffect has a missing dependency: 'load'. Either include it or remove the dependency array  react-hooks/exhaustive-deps

src\components\admin\AdsTab.jsx
  Line 51:67:  React Hook useEffect has missing dependencies: 'days' and 'load'. Either include them or remove the dependency array  react-hooks/exhaustive-deps

src\components\admin\ChatModTab.jsx
  Line 59:81:  React Hook useEffect has a missing dependency: 'refreshMessages'. Either include it or remove the dependency array  react-hooks/exhaustive-deps

src\components\admin\DesignFileReportsTab.jsx
  Line 42:66:  React Hook useEffect has a missing dependency: 'refresh'. Either include it or remove the dependency array  react-hooks/exhaustive-deps

src\components\admin\FounderFunnelTab.jsx
  Line 42:69:  React Hook useEffect has a missing dependency: 'load'. Either include it or remove the dependency array  react-hooks/exhaustive-deps

src\components\admin\MsftRoasCard.jsx
  Line 37:66:  React Hook useEffect has a missing dependency: 'refresh'. Either include it or remove the dependency array  react-hooks/exhaustive-deps

src\components\admin\PayPalEventsTab.jsx
  Line 51:76:  React Hook useEffect has a missing dependency: 'load'. Either include it or remove the dependency array  react-hooks/exhaustive-deps

src\components\admin\PolicyManagementTab.jsx
  Line 58:32:  React Hook useEffect has a missing dependency: 'load'. Either include it or remove the dependency array  react-hooks/exhaustive-deps

src\components\admin\PricingLabelAbCard.jsx
  Line 31:36:  React Hook useEffect has a missing dependency: 'load'. Either include it or remove the dependency array  react-hooks/exhaustive-deps

src\components\admin\RefundApprovalsTab.jsx
  Line 34:63:  React Hook useEffect has a missing dependency: 'load'. Either include it or remove the dependency array  react-hooks/exhaustive-deps

src\components\admin\RetentionTab.jsx
  Line 46:68:  React Hook useEffect has a missing dependency: 'load'. Either include it or remove the dependency array                                                                                  react-hooks/exhaustive-deps
  Line 48:9:   The 'rows' logical expression could make the dependencies of useMemo Hook (at line 60) change on every render. To fix this, wrap the initialization of 'rows' in its own useMemo() Hook  react-hooks/exhaustive-deps

src\components\admin\SettingsTab.jsx
  Line 2310:94:  React Hook useEffect has a missing dependency: 'refresh'. Either include it or remove the dependency array            react-hooks/exhaustive-deps
  Line 3011:35:  React Hook useEffect has a missing dependency: 'refresh'. Either include it or remove the dependency array            react-hooks/exhaustive-deps
  Line 3194:63:  React Hook useEffect has a missing dependency: 'load'. Either include it or remove the dependency array               react-hooks/exhaustive-deps
  Line 3487:63:  React Hook useEffect has a missing dependency: 'load'. Either include it or remove the dependency array               react-hooks/exhaustive-deps
  Line 3706:63:  React Hook useEffect has a missing dependency: 'load'. Either include it or remove the dependency array               react-hooks/exhaustive-deps
  Line 3905:63:  React Hook useEffect has a missing dependency: 'load'. Either include it or remove the dependency array               react-hooks/exhaustive-deps
  Line 4173:63:  React Hook useEffect has a missing dependency: 'load'. Either include it or remove the dependency array               react-hooks/exhaustive-deps
  Line 4718:70:  React Hook useEffect has a missing dependency: 'loadPreview'. Either include it or remove the dependency array        react-hooks/exhaustive-deps
  Line 5015:67:  React Hook useEffect has missing dependencies: 'days' and 'load'. Either include them or remove the dependency array  react-hooks/exhaustive-deps
  Line 5430:69:  React Hook useEffect has a missing dependency: 'load'. Either include it or remove the dependency array               react-hooks/exhaustive-deps

src\components\admin\UsersTab.jsx
  Line 42:94:  React Hook useEffect has a missing dependency: 'refresh'. Either include it or remove the dependency array  react-hooks/exhaustive-deps

src\lib\seo.js
  Line 169:6:  React Hook useEffect has a missing dependency: 'jsonLd'. Either include it or remove the dependency array                                 react-hooks/exhaustive-deps
  Line 169:7:  React Hook useEffect has a complex expression in the dependency array. Extract it to a separate variable so it can be statically checked  react-hooks/exhaustive-deps

src\pages\AccountDeletePage.jsx
  Line 51:40:  React Hook useEffect has a missing dependency: 'loadStatus'. Either include it or remove the dependency array  react-hooks/exhaustive-deps

src\pages\CommunityPage.jsx
  Line 2979:66:  React Hook useEffect has a missing dependency: 'refresh'. Either include it or remove the dependency array                                                                                           react-hooks/exhaustive-deps
  Line 3337:35:  React Hook useEffect has a missing dependency: 'refresh'. Either include it or remove the dependency array                                                                                           react-hooks/exhaustive-deps
  Line 3592:9:   The 'messages' logical expression could make the dependencies of useEffect Hook (at line 3598) change on every render. To fix this, wrap the initialization of 'messages' in its own useMemo() Hook  react-hooks/exhaustive-deps
  Line 3664:6:   React Hook useEffect has a missing dependency: 'tokenForChannel'. Either include it or remove the dependency array                                                                                   react-hooks/exhaustive-deps

src\pages\MakerDashboard\CoachTab.jsx
  Line 48:6:  React Hook useEffect has a missing dependency: 'selectedSlug'. Either include it or remove the dependency array  react-hooks/exhaustive-deps

src\pages\MakerDashboard\PromoteWizard.jsx
  Line 116:6:  React Hook useEffect has missing dependencies: 'budgetCents' and 'goal'. Either include them or remove the dependency array  react-hooks/exhaustive-deps

Search for the keywords to learn more about each warning.
To ignore, add // eslint-disable-next-line to the line before.

[1m[33mWARNING[39m[22m in [1m[eslint] 
src\components\ShopHeroMosaic.jsx
  Line 95:5:  React Hook useMemo has a missing dependency: 'eligible'. Either include it or remove the dependency array  react-hooks/exhaustive-deps

src\components\admin\ActivationFunnelTab.jsx
  Line 85:6:  React Hook useEffect has a missing dependency: 'load'. Either include it or remove the dependency array  react-hooks/exhaustive-deps

src\components\admin\AdsTab.jsx
  Line 51:67:  React Hook useEffect has missing dependencies: 'days' and 'load'. Either include them or remove the dependency array  react-hooks/exhaustive-deps

src\components\admin\ChatModTab.jsx
  Line 59:81:  React Hook useEffect has a missing dependency: 'refreshMessages'. Either include it or remove the dependency array  react-hooks/exhaustive-deps

src\components\admin\DesignFileReportsTab.jsx
  Line 42:66:  React Hook useEffect has a missing dependency: 'refresh'. Either include it or remove the dependency array  react-hooks/exhaustive-deps

src\components\admin\FounderFunnelTab.jsx
  Line 42:69:  React Hook useEffect has a missing dependency: 'load'. Either include it or remove the dependency array  react-hooks/exhaustive-deps

src\components\admin\MsftRoasCard.jsx
  Line 37:66:  React Hook useEffect has a missing dependency: 'refresh'. Either include it or remove the dependency array  react-hooks/exhaustive-deps

src\components\admin\PayPalEventsTab.jsx
  Line 51:76:  React Hook useEffect has a missing dependency: 'load'. Either include it or remove the dependency array  react-hooks/exhaustive-deps

src\components\admin\PolicyManagementTab.jsx
  Line 58:32:  React Hook useEffect has a missing dependency: 'load'. Either include it or remove the dependency array  react-hooks/exhaustive-deps

src\components\admin\PricingLabelAbCard.jsx
  Line 31:36:  React Hook useEffect has a missing dependency: 'load'. Either include it or remove the dependency array  react-hooks/exhaustive-deps

src\components\admin\RefundApprovalsTab.jsx
  Line 34:63:  React Hook useEffect has a missing dependency: 'load'. Either include it or remove the dependency array  react-hooks/exhaustive-deps

src\components\admin\RetentionTab.jsx
  Line 46:68:  React Hook useEffect has a missing dependency: 'load'. Either include it or remove the dependency array                                                                                  react-hooks/exhaustive-deps
  Line 48:9:   The 'rows' logical expression could make the dependencies of useMemo Hook (at line 60) change on every render. To fix this, wrap the initialization of 'rows' in its own useMemo() Hook  react-hooks/exhaustive-deps

src\components\admin\SettingsTab.jsx
  Line 2310:94:  React Hook useEffect has a missing dependency: 'refresh'. Either include it or remove the dependency array            react-hooks/exhaustive-deps
  Line 3011:35:  React Hook useEffect has a missing dependency: 'refresh'. Either include it or remove the dependency array            react-hooks/exhaustive-deps
  Line 3194:63:  React Hook useEffect has a missing dependency: 'load'. Either include it or remove the dependency array               react-hooks/exhaustive-deps
  Line 3487:63:  React Hook useEffect has a missing dependency: 'load'. Either include it or remove the dependency array               react-hooks/exhaustive-deps
  Line 3706:63:  React Hook useEffect has a missing dependency: 'load'. Either include it or remove the dependency array               react-hooks/exhaustive-deps
  Line 3905:63:  React Hook useEffect has a missing dependency: 'load'. Either include it or remove the dependency array               react-hooks/exhaustive-deps
  Line 4173:63:  React Hook useEffect has a missing dependency: 'load'. Either include it or remove the dependency array               react-hooks/exhaustive-deps
  Line 4718:70:  React Hook useEffect has a missing dependency: 'loadPreview'. Either include it or remove the dependency array        react-hooks/exhaustive-deps
  Line 5015:67:  React Hook useEffect has missing dependencies: 'days' and 'load'. Either include them or remove the dependency array  react-hooks/exhaustive-deps
  Line 5430:69:  React Hook useEffect has a missing dependency: 'load'. Either include it or remove the dependency array               react-hooks/exhaustive-deps

src\components\admin\UsersTab.jsx
  Line 42:94:  React Hook useEffect has a missing dependency: 'refresh'. Either include it or remove the dependency array  react-hooks/exhaustive-deps

src\lib\seo.js
  Line 169:6:  React Hook useEffect has a missing dependency: 'jsonLd'. Either include it or remove the dependency array                                 react-hooks/exhaustive-deps
  Line 169:7:  React Hook useEffect has a complex expression in the dependency array. Extract it to a separate variable so it can be statically checked  react-hooks/exhaustive-deps

src\pages\AccountDeletePage.jsx
  Line 51:40:  React Hook useEffect has a missing dependency: 'loadStatus'. Either include it or remove the dependency array  react-hooks/exhaustive-deps

src\pages\CommunityPage.jsx
  Line 2979:66:  React Hook useEffect has a missing dependency: 'refresh'. Either include it or remove the dependency array                                                                                           react-hooks/exhaustive-deps
  Line 3337:35:  React Hook useEffect has a missing dependency: 'refresh'. Either include it or remove the dependency array                                                                                           react-hooks/exhaustive-deps
  Line 3592:9:   The 'messages' logical expression could make the dependencies of useEffect Hook (at line 3598) change on every render. To fix this, wrap the initialization of 'messages' in its own useMemo() Hook  react-hooks/exhaustive-deps
  Line 3664:6:   React Hook useEffect has a missing dependency: 'tokenForChannel'. Either include it or remove the dependency array                                                                                   react-hooks/exhaustive-deps

src\pages\MakerDashboard\CoachTab.jsx
  Line 48:6:  React Hook useEffect has a missing dependency: 'selectedSlug'. Either include it or remove the dependency array  react-hooks/exhaustive-deps

src\pages\MakerDashboard\PromoteWizard.jsx
  Line 116:6:  React Hook useEffect has missing dependencies: 'budgetCents' and 'goal'. Either include them or remove the dependency array  react-hooks/exhaustive-deps

[39m[22m

webpack compiled with [1m[33m1 warning[39m[22m
Compiling...
Compiled with warnings.

[eslint] 
src\components\ShopHeroMosaic.jsx
  Line 95:5:  React Hook useMemo has a missing dependency: 'eligible'. Either include it or remove the dependency array  react-hooks/exhaustive-deps

src\components\admin\ActivationFunnelTab.jsx
  Line 85:6:  React Hook useEffect has a missing dependency: 'load'. Either include it or remove the dependency array  react-hooks/exhaustive-deps

src\components\admin\AdsTab.jsx
  Line 51:67:  React Hook useEffect has missing dependencies: 'days' and 'load'. Either include them or remove the dependency array  react-hooks/exhaustive-deps

src\components\admin\ChatModTab.jsx
  Line 59:81:  React Hook useEffect has a missing dependency: 'refreshMessages'. Either include it or remove the dependency array  react-hooks/exhaustive-deps

src\components\admin\DesignFileReportsTab.jsx
  Line 42:66:  React Hook useEffect has a missing dependency: 'refresh'. Either include it or remove the dependency array  react-hooks/exhaustive-deps

src\components\admin\FounderFunnelTab.jsx
  Line 42:69:  React Hook useEffect has a missing dependency: 'load'. Either include it or remove the dependency array  react-hooks/exhaustive-deps

src\components\admin\MsftRoasCard.jsx
  Line 37:66:  React Hook useEffect has a missing dependency: 'refresh'. Either include it or remove the dependency array  react-hooks/exhaustive-deps

src\components\admin\PayPalEventsTab.jsx
  Line 51:76:  React Hook useEffect has a missing dependency: 'load'. Either include it or remove the dependency array  react-hooks/exhaustive-deps

src\components\admin\PolicyManagementTab.jsx
  Line 58:32:  React Hook useEffect has a missing dependency: 'load'. Either include it or remove the dependency array  react-hooks/exhaustive-deps

src\components\admin\PricingLabelAbCard.jsx
  Line 31:36:  React Hook useEffect has a missing dependency: 'load'. Either include it or remove the dependency array  react-hooks/exhaustive-deps

src\components\admin\RefundApprovalsTab.jsx
  Line 34:63:  React Hook useEffect has a missing dependency: 'load'. Either include it or remove the dependency array  react-hooks/exhaustive-deps

src\components\admin\RetentionTab.jsx
  Line 46:68:  React Hook useEffect has a missing dependency: 'load'. Either include it or remove the dependency array                                                                                  react-hooks/exhaustive-deps
  Line 48:9:   The 'rows' logical expression could make the dependencies of useMemo Hook (at line 60) change on every render. To fix this, wrap the initialization of 'rows' in its own useMemo() Hook  react-hooks/exhaustive-deps

src\components\admin\SettingsTab.jsx
  Line 2310:94:  React Hook useEffect has a missing dependency: 'refresh'. Either include it or remove the dependency array            react-hooks/exhaustive-deps
  Line 3011:35:  React Hook useEffect has a missing dependency: 'refresh'. Either include it or remove the dependency array            react-hooks/exhaustive-deps
  Line 3194:63:  React Hook useEffect has a missing dependency: 'load'. Either include it or remove the dependency array               react-hooks/exhaustive-deps
  Line 3487:63:  React Hook useEffect has a missing dependency: 'load'. Either include it or remove the dependency array               react-hooks/exhaustive-deps
  Line 3706:63:  React Hook useEffect has a missing dependency: 'load'. Either include it or remove the dependency array               react-hooks/exhaustive-deps
  Line 3905:63:  React Hook useEffect has a missing dependency: 'load'. Either include it or remove the dependency array               react-hooks/exhaustive-deps
  Line 4173:63:  React Hook useEffect has a missing dependency: 'load'. Either include it or remove the dependency array               react-hooks/exhaustive-deps
  Line 4718:70:  React Hook useEffect has a missing dependency: 'loadPreview'. Either include it or remove the dependency array        react-hooks/exhaustive-deps
  Line 5015:67:  React Hook useEffect has missing dependencies: 'days' and 'load'. Either include them or remove the dependency array  react-hooks/exhaustive-deps
  Line 5430:69:  React Hook useEffect has a missing dependency: 'load'. Either include it or remove the dependency array               react-hooks/exhaustive-deps

src\components\admin\UsersTab.jsx
  Line 42:94:  React Hook useEffect has a missing dependency: 'refresh'. Either include it or remove the dependency array  react-hooks/exhaustive-deps

src\lib\seo.js
  Line 169:6:  React Hook useEffect has a missing dependency: 'jsonLd'. Either include it or remove the dependency array                                 react-hooks/exhaustive-deps
  Line 169:7:  React Hook useEffect has a complex expression in the dependency array. Extract it to a separate variable so it can be statically checked  react-hooks/exhaustive-deps

src\pages\AccountDeletePage.jsx
  Line 51:40:  React Hook useEffect has a missing dependency: 'loadStatus'. Either include it or remove the dependency array  react-hooks/exhaustive-deps

src\pages\CommunityPage.jsx
  Line 2979:66:  React Hook useEffect has a missing dependency: 'refresh'. Either include it or remove the dependency array                                                                                           react-hooks/exhaustive-deps
  Line 3337:35:  React Hook useEffect has a missing dependency: 'refresh'. Either include it or remove the dependency array                                                                                           react-hooks/exhaustive-deps
  Line 3592:9:   The 'messages' logical expression could make the dependencies of useEffect Hook (at line 3598) change on every render. To fix this, wrap the initialization of 'messages' in its own useMemo() Hook  react-hooks/exhaustive-deps
  Line 3664:6:   React Hook useEffect has a missing dependency: 'tokenForChannel'. Either include it or remove the dependency array                                                                                   react-hooks/exhaustive-deps

src\pages\MakerDashboard\CoachTab.jsx
  Line 48:6:  React Hook useEffect has a missing dependency: 'selectedSlug'. Either include it or remove the dependency array  react-hooks/exhaustive-deps

src\pages\MakerDashboard\PromoteWizard.jsx
  Line 116:6:  React Hook useEffect has missing dependencies: 'budgetCents' and 'goal'. Either include them or remove the dependency array  react-hooks/exhaustive-deps

Search for the keywords to learn more about each warning.
To ignore, add // eslint-disable-next-line to the line before.

[1m[33mWARNING[39m[22m in [1m[eslint] 
src\components\ShopHeroMosaic.jsx
  Line 95:5:  React Hook useMemo has a missing dependency: 'eligible'. Either include it or remove the dependency array  react-hooks/exhaustive-deps

src\components\admin\ActivationFunnelTab.jsx
  Line 85:6:  React Hook useEffect has a missing dependency: 'load'. Either include it or remove the dependency array  react-hooks/exhaustive-deps

src\components\admin\AdsTab.jsx
  Line 51:67:  React Hook useEffect has missing dependencies: 'days' and 'load'. Either include them or remove the dependency array  react-hooks/exhaustive-deps

src\components\admin\ChatModTab.jsx
  Line 59:81:  React Hook useEffect has a missing dependency: 'refreshMessages'. Either include it or remove the dependency array  react-hooks/exhaustive-deps

src\components\admin\DesignFileReportsTab.jsx
  Line 42:66:  React Hook useEffect has a missing dependency: 'refresh'. Either include it or remove the dependency array  react-hooks/exhaustive-deps

src\components\admin\FounderFunnelTab.jsx
  Line 42:69:  React Hook useEffect has a missing dependency: 'load'. Either include it or remove the dependency array  react-hooks/exhaustive-deps

src\components\admin\MsftRoasCard.jsx
  Line 37:66:  React Hook useEffect has a missing dependency: 'refresh'. Either include it or remove the dependency array  react-hooks/exhaustive-deps

src\components\admin\PayPalEventsTab.jsx
  Line 51:76:  React Hook useEffect has a missing dependency: 'load'. Either include it or remove the dependency array  react-hooks/exhaustive-deps

src\components\admin\PolicyManagementTab.jsx
  Line 58:32:  React Hook useEffect has a missing dependency: 'load'. Either include it or remove the dependency array  react-hooks/exhaustive-deps

src\components\admin\PricingLabelAbCard.jsx
  Line 31:36:  React Hook useEffect has a missing dependency: 'load'. Either include it or remove the dependency array  react-hooks/exhaustive-deps

src\components\admin\RefundApprovalsTab.jsx
  Line 34:63:  React Hook useEffect has a missing dependency: 'load'. Either include it or remove the dependency array  react-hooks/exhaustive-deps

src\components\admin\RetentionTab.jsx
  Line 46:68:  React Hook useEffect has a missing dependency: 'load'. Either include it or remove the dependency array                                                                                  react-hooks/exhaustive-deps
  Line 48:9:   The 'rows' logical expression could make the dependencies of useMemo Hook (at line 60) change on every render. To fix this, wrap the initialization of 'rows' in its own useMemo() Hook  react-hooks/exhaustive-deps

src\components\admin\SettingsTab.jsx
  Line 2310:94:  React Hook useEffect has a missing dependency: 'refresh'. Either include it or remove the dependency array            react-hooks/exhaustive-deps
  Line 3011:35:  React Hook useEffect has a missing dependency: 'refresh'. Either include it or remove the dependency array            react-hooks/exhaustive-deps
  Line 3194:63:  React Hook useEffect has a missing dependency: 'load'. Either include it or remove the dependency array               react-hooks/exhaustive-deps
  Line 3487:63:  React Hook useEffect has a missing dependency: 'load'. Either include it or remove the dependency array               react-hooks/exhaustive-deps
  Line 3706:63:  React Hook useEffect has a missing dependency: 'load'. Either include it or remove the dependency array               react-hooks/exhaustive-deps
  Line 3905:63:  React Hook useEffect has a missing dependency: 'load'. Either include it or remove the dependency array               react-hooks/exhaustive-deps
  Line 4173:63:  React Hook useEffect has a missing dependency: 'load'. Either include it or remove the dependency array               react-hooks/exhaustive-deps
  Line 4718:70:  React Hook useEffect has a missing dependency: 'loadPreview'. Either include it or remove the dependency array        react-hooks/exhaustive-deps
  Line 5015:67:  React Hook useEffect has missing dependencies: 'days' and 'load'. Either include them or remove the dependency array  react-hooks/exhaustive-deps
  Line 5430:69:  React Hook useEffect has a missing dependency: 'load'. Either include it or remove the dependency array               react-hooks/exhaustive-deps

src\components\admin\UsersTab.jsx
  Line 42:94:  React Hook useEffect has a missing dependency: 'refresh'. Either include it or remove the dependency array  react-hooks/exhaustive-deps

src\lib\seo.js
  Line 169:6:  React Hook useEffect has a missing dependency: 'jsonLd'. Either include it or remove the dependency array                                 react-hooks/exhaustive-deps
  Line 169:7:  React Hook useEffect has a complex expression in the dependency array. Extract it to a separate variable so it can be statically checked  react-hooks/exhaustive-deps

src\pages\AccountDeletePage.jsx
  Line 51:40:  React Hook useEffect has a missing dependency: 'loadStatus'. Either include it or remove the dependency array  react-hooks/exhaustive-deps

src\pages\CommunityPage.jsx
  Line 2979:66:  React Hook useEffect has a missing dependency: 'refresh'. Either include it or remove the dependency array                                                                                           react-hooks/exhaustive-deps
  Line 3337:35:  React Hook useEffect has a missing dependency: 'refresh'. Either include it or remove the dependency array                                                                                           react-hooks/exhaustive-deps
  Line 3592:9:   The 'messages' logical expression could make the dependencies of useEffect Hook (at line 3598) change on every render. To fix this, wrap the initialization of 'messages' in its own useMemo() Hook  react-hooks/exhaustive-deps
  Line 3664:6:   React Hook useEffect has a missing dependency: 'tokenForChannel'. Either include it or remove the dependency array                                                                                   react-hooks/exhaustive-deps

src\pages\MakerDashboard\CoachTab.jsx
  Line 48:6:  React Hook useEffect has a missing dependency: 'selectedSlug'. Either include it or remove the dependency array  react-hooks/exhaustive-deps

src\pages\MakerDashboard\PromoteWizard.jsx
  Line 116:6:  React Hook useEffect has missing dependencies: 'budgetCents' and 'goal'. Either include them or remove the dependency array  react-hooks/exhaustive-deps

[39m[22m

webpack compiled with [1m[33m1 warning[39m[22m
Compiling...
Compiled with warnings.

[eslint] 
src\components\ShopHeroMosaic.jsx
  Line 95:5:  React Hook useMemo has a missing dependency: 'eligible'. Either include it or remove the dependency array  react-hooks/exhaustive-deps

src\components\admin\ActivationFunnelTab.jsx
  Line 85:6:  React Hook useEffect has a missing dependency: 'load'. Either include it or remove the dependency array  react-hooks/exhaustive-deps

src\components\admin\AdsTab.jsx
  Line 51:67:  React Hook useEffect has missing dependencies: 'days' and 'load'. Either include them or remove the dependency array  react-hooks/exhaustive-deps

src\components\admin\ChatModTab.jsx
  Line 59:81:  React Hook useEffect has a missing dependency: 'refreshMessages'. Either include it or remove the dependency array  react-hooks/exhaustive-deps

src\components\admin\DesignFileReportsTab.jsx
  Line 42:66:  React Hook useEffect has a missing dependency: 'refresh'. Either include it or remove the dependency array  react-hooks/exhaustive-deps

src\components\admin\FounderFunnelTab.jsx
  Line 42:69:  React Hook useEffect has a missing dependency: 'load'. Either include it or remove the dependency array  react-hooks/exhaustive-deps

src\components\admin\MsftRoasCard.jsx
  Line 37:66:  React Hook useEffect has a missing dependency: 'refresh'. Either include it or remove the dependency array  react-hooks/exhaustive-deps

src\components\admin\PayPalEventsTab.jsx
  Line 51:76:  React Hook useEffect has a missing dependency: 'load'. Either include it or remove the dependency array  react-hooks/exhaustive-deps

src\components\admin\PolicyManagementTab.jsx
  Line 58:32:  React Hook useEffect has a missing dependency: 'load'. Either include it or remove the dependency array  react-hooks/exhaustive-deps

src\components\admin\PricingLabelAbCard.jsx
  Line 31:36:  React Hook useEffect has a missing dependency: 'load'. Either include it or remove the dependency array  react-hooks/exhaustive-deps

src\components\admin\RefundApprovalsTab.jsx
  Line 34:63:  React Hook useEffect has a missing dependency: 'load'. Either include it or remove the dependency array  react-hooks/exhaustive-deps

src\components\admin\RetentionTab.jsx
  Line 46:68:  React Hook useEffect has a missing dependency: 'load'. Either include it or remove the dependency array                                                                                  react-hooks/exhaustive-deps
  Line 48:9:   The 'rows' logical expression could make the dependencies of useMemo Hook (at line 60) change on every render. To fix this, wrap the initialization of 'rows' in its own useMemo() Hook  react-hooks/exhaustive-deps

src\components\admin\SettingsTab.jsx
  Line 2310:94:  React Hook useEffect has a missing dependency: 'refresh'. Either include it or remove the dependency array            react-hooks/exhaustive-deps
  Line 3011:35:  React Hook useEffect has a missing dependency: 'refresh'. Either include it or remove the dependency array            react-hooks/exhaustive-deps
  Line 3194:63:  React Hook useEffect has a missing dependency: 'load'. Either include it or remove the dependency array               react-hooks/exhaustive-deps
  Line 3487:63:  React Hook useEffect has a missing dependency: 'load'. Either include it or remove the dependency array               react-hooks/exhaustive-deps
  Line 3706:63:  React Hook useEffect has a missing dependency: 'load'. Either include it or remove the dependency array               react-hooks/exhaustive-deps
  Line 3905:63:  React Hook useEffect has a missing dependency: 'load'. Either include it or remove the dependency array               react-hooks/exhaustive-deps
  Line 4173:63:  React Hook useEffect has a missing dependency: 'load'. Either include it or remove the dependency array               react-hooks/exhaustive-deps
  Line 4718:70:  React Hook useEffect has a missing dependency: 'loadPreview'. Either include it or remove the dependency array        react-hooks/exhaustive-deps
  Line 5015:67:  React Hook useEffect has missing dependencies: 'days' and 'load'. Either include them or remove the dependency array  react-hooks/exhaustive-deps
  Line 5430:69:  React Hook useEffect has a missing dependency: 'load'. Either include it or remove the dependency array               react-hooks/exhaustive-deps

src\components\admin\UsersTab.jsx
  Line 42:94:  React Hook useEffect has a missing dependency: 'refresh'. Either include it or remove the dependency array  react-hooks/exhaustive-deps

src\lib\seo.js
  Line 169:6:  React Hook useEffect has a missing dependency: 'jsonLd'. Either include it or remove the dependency array                                 react-hooks/exhaustive-deps
  Line 169:7:  React Hook useEffect has a complex expression in the dependency array. Extract it to a separate variable so it can be statically checked  react-hooks/exhaustive-deps

src\pages\AccountDeletePage.jsx
  Line 51:40:  React Hook useEffect has a missing dependency: 'loadStatus'. Either include it or remove the dependency array  react-hooks/exhaustive-deps

src\pages\CommunityPage.jsx
  Line 2979:66:  React Hook useEffect has a missing dependency: 'refresh'. Either include it or remove the dependency array                                                                                           react-hooks/exhaustive-deps
  Line 3337:35:  React Hook useEffect has a missing dependency: 'refresh'. Either include it or remove the dependency array                                                                                           react-hooks/exhaustive-deps
  Line 3592:9:   The 'messages' logical expression could make the dependencies of useEffect Hook (at line 3598) change on every render. To fix this, wrap the initialization of 'messages' in its own useMemo() Hook  react-hooks/exhaustive-deps
  Line 3664:6:   React Hook useEffect has a missing dependency: 'tokenForChannel'. Either include it or remove the dependency array                                                                                   react-hooks/exhaustive-deps

src\pages\MakerDashboard\CoachTab.jsx
  Line 48:6:  React Hook useEffect has a missing dependency: 'selectedSlug'. Either include it or remove the dependency array  react-hooks/exhaustive-deps

src\pages\MakerDashboard\PromoteWizard.jsx
  Line 116:6:  React Hook useEffect has missing dependencies: 'budgetCents' and 'goal'. Either include them or remove the dependency array  react-hooks/exhaustive-deps

Search for the keywords to learn more about each warning.
To ignore, add // eslint-disable-next-line to the line before.

[1m[33mWARNING[39m[22m in [1m[eslint] 
src\components\ShopHeroMosaic.jsx
  Line 95:5:  React Hook useMemo has a missing dependency: 'eligible'. Either include it or remove the dependency array  react-hooks/exhaustive-deps

src\components\admin\ActivationFunnelTab.jsx
  Line 85:6:  React Hook useEffect has a missing dependency: 'load'. Either include it or remove the dependency array  react-hooks/exhaustive-deps

src\components\admin\AdsTab.jsx
  Line 51:67:  React Hook useEffect has missing dependencies: 'days' and 'load'. Either include them or remove the dependency array  react-hooks/exhaustive-deps

src\components\admin\ChatModTab.jsx
  Line 59:81:  React Hook useEffect has a missing dependency: 'refreshMessages'. Either include it or remove the dependency array  react-hooks/exhaustive-deps

src\components\admin\DesignFileReportsTab.jsx
  Line 42:66:  React Hook useEffect has a missing dependency: 'refresh'. Either include it or remove the dependency array  react-hooks/exhaustive-deps

src\components\admin\FounderFunnelTab.jsx
  Line 42:69:  React Hook useEffect has a missing dependency: 'load'. Either include it or remove the dependency array  react-hooks/exhaustive-deps

src\components\admin\MsftRoasCard.jsx
  Line 37:66:  React Hook useEffect has a missing dependency: 'refresh'. Either include it or remove the dependency array  react-hooks/exhaustive-deps

src\components\admin\PayPalEventsTab.jsx
  Line 51:76:  React Hook useEffect has a missing dependency: 'load'. Either include it or remove the dependency array  react-hooks/exhaustive-deps

src\components\admin\PolicyManagementTab.jsx
  Line 58:32:  React Hook useEffect has a missing dependency: 'load'. Either include it or remove the dependency array  react-hooks/exhaustive-deps

src\components\admin\PricingLabelAbCard.jsx
  Line 31:36:  React Hook useEffect has a missing dependency: 'load'. Either include it or remove the dependency array  react-hooks/exhaustive-deps

src\components\admin\RefundApprovalsTab.jsx
  Line 34:63:  React Hook useEffect has a missing dependency: 'load'. Either include it or remove the dependency array  react-hooks/exhaustive-deps

src\components\admin\RetentionTab.jsx
  Line 46:68:  React Hook useEffect has a missing dependency: 'load'. Either include it or remove the dependency array                                                                                  react-hooks/exhaustive-deps
  Line 48:9:   The 'rows' logical expression could make the dependencies of useMemo Hook (at line 60) change on every render. To fix this, wrap the initialization of 'rows' in its own useMemo() Hook  react-hooks/exhaustive-deps

src\components\admin\SettingsTab.jsx
  Line 2310:94:  React Hook useEffect has a missing dependency: 'refresh'. Either include it or remove the dependency array            react-hooks/exhaustive-deps
  Line 3011:35:  React Hook useEffect has a missing dependency: 'refresh'. Either include it or remove the dependency array            react-hooks/exhaustive-deps
  Line 3194:63:  React Hook useEffect has a missing dependency: 'load'. Either include it or remove the dependency array               react-hooks/exhaustive-deps
  Line 3487:63:  React Hook useEffect has a missing dependency: 'load'. Either include it or remove the dependency array               react-hooks/exhaustive-deps
  Line 3706:63:  React Hook useEffect has a missing dependency: 'load'. Either include it or remove the dependency array               react-hooks/exhaustive-deps
  Line 3905:63:  React Hook useEffect has a missing dependency: 'load'. Either include it or remove the dependency array               react-hooks/exhaustive-deps
  Line 4173:63:  React Hook useEffect has a missing dependency: 'load'. Either include it or remove the dependency array               react-hooks/exhaustive-deps
  Line 4718:70:  React Hook useEffect has a missing dependency: 'loadPreview'. Either include it or remove the dependency array        react-hooks/exhaustive-deps
  Line 5015:67:  React Hook useEffect has missing dependencies: 'days' and 'load'. Either include them or remove the dependency array  react-hooks/exhaustive-deps
  Line 5430:69:  React Hook useEffect has a missing dependency: 'load'. Either include it or remove the dependency array               react-hooks/exhaustive-deps

src\components\admin\UsersTab.jsx
  Line 42:94:  React Hook useEffect has a missing dependency: 'refresh'. Either include it or remove the dependency array  react-hooks/exhaustive-deps

src\lib\seo.js
  Line 169:6:  React Hook useEffect has a missing dependency: 'jsonLd'. Either include it or remove the dependency array                                 react-hooks/exhaustive-deps
  Line 169:7:  React Hook useEffect has a complex expression in the dependency array. Extract it to a separate variable so it can be statically checked  react-hooks/exhaustive-deps

src\pages\AccountDeletePage.jsx
  Line 51:40:  React Hook useEffect has a missing dependency: 'loadStatus'. Either include it or remove the dependency array  react-hooks/exhaustive-deps

src\pages\CommunityPage.jsx
  Line 2979:66:  React Hook useEffect has a missing dependency: 'refresh'. Either include it or remove the dependency array                                                                                           react-hooks/exhaustive-deps
  Line 3337:35:  React Hook useEffect has a missing dependency: 'refresh'. Either include it or remove the dependency array                                                                                           react-hooks/exhaustive-deps
  Line 3592:9:   The 'messages' logical expression could make the dependencies of useEffect Hook (at line 3598) change on every render. To fix this, wrap the initialization of 'messages' in its own useMemo() Hook  react-hooks/exhaustive-deps
  Line 3664:6:   React Hook useEffect has a missing dependency: 'tokenForChannel'. Either include it or remove the dependency array                                                                                   react-hooks/exhaustive-deps

src\pages\MakerDashboard\CoachTab.jsx
  Line 48:6:  React Hook useEffect has a missing dependency: 'selectedSlug'. Either include it or remove the dependency array  react-hooks/exhaustive-deps

src\pages\MakerDashboard\PromoteWizard.jsx
  Line 116:6:  React Hook useEffect has missing dependencies: 'budgetCents' and 'goal'. Either include them or remove the dependency array  react-hooks/exhaustive-deps

[39m[22m

webpack compiled with [1m[33m1 warning[39m[22m
Compiling...
Compiled with warnings.

[eslint] 
src\components\ShopHeroMosaic.jsx
  Line 95:5:  React Hook useMemo has a missing dependency: 'eligible'. Either include it or remove the dependency array  react-hooks/exhaustive-deps

src\components\admin\ActivationFunnelTab.jsx
  Line 85:6:  React Hook useEffect has a missing dependency: 'load'. Either include it or remove the dependency array  react-hooks/exhaustive-deps

src\components\admin\AdsTab.jsx
  Line 51:67:  React Hook useEffect has missing dependencies: 'days' and 'load'. Either include them or remove the dependency array  react-hooks/exhaustive-deps

src\components\admin\ChatModTab.jsx
  Line 59:81:  React Hook useEffect has a missing dependency: 'refreshMessages'. Either include it or remove the dependency array  react-hooks/exhaustive-deps

src\components\admin\DesignFileReportsTab.jsx
  Line 42:66:  React Hook useEffect has a missing dependency: 'refresh'. Either include it or remove the dependency array  react-hooks/exhaustive-deps

src\components\admin\FounderFunnelTab.jsx
  Line 42:69:  React Hook useEffect has a missing dependency: 'load'. Either include it or remove the dependency array  react-hooks/exhaustive-deps

src\components\admin\MsftRoasCard.jsx
  Line 37:66:  React Hook useEffect has a missing dependency: 'refresh'. Either include it or remove the dependency array  react-hooks/exhaustive-deps

src\components\admin\PayPalEventsTab.jsx
  Line 51:76:  React Hook useEffect has a missing dependency: 'load'. Either include it or remove the dependency array  react-hooks/exhaustive-deps

src\components\admin\PolicyManagementTab.jsx
  Line 58:32:  React Hook useEffect has a missing dependency: 'load'. Either include it or remove the dependency array  react-hooks/exhaustive-deps

src\components\admin\PricingLabelAbCard.jsx
  Line 31:36:  React Hook useEffect has a missing dependency: 'load'. Either include it or remove the dependency array  react-hooks/exhaustive-deps

src\components\admin\RefundApprovalsTab.jsx
  Line 34:63:  React Hook useEffect has a missing dependency: 'load'. Either include it or remove the dependency array  react-hooks/exhaustive-deps

src\components\admin\RetentionTab.jsx
  Line 46:68:  React Hook useEffect has a missing dependency: 'load'. Either include it or remove the dependency array                                                                                  react-hooks/exhaustive-deps
  Line 48:9:   The 'rows' logical expression could make the dependencies of useMemo Hook (at line 60) change on every render. To fix this, wrap the initialization of 'rows' in its own useMemo() Hook  react-hooks/exhaustive-deps

src\components\admin\SettingsTab.jsx
  Line 2310:94:  React Hook useEffect has a missing dependency: 'refresh'. Either include it or remove the dependency array            react-hooks/exhaustive-deps
  Line 3011:35:  React Hook useEffect has a missing dependency: 'refresh'. Either include it or remove the dependency array            react-hooks/exhaustive-deps
  Line 3194:63:  React Hook useEffect has a missing dependency: 'load'. Either include it or remove the dependency array               react-hooks/exhaustive-deps
  Line 3487:63:  React Hook useEffect has a missing dependency: 'load'. Either include it or remove the dependency array               react-hooks/exhaustive-deps
  Line 3706:63:  React Hook useEffect has a missing dependency: 'load'. Either include it or remove the dependency array               react-hooks/exhaustive-deps
  Line 3905:63:  React Hook useEffect has a missing dependency: 'load'. Either include it or remove the dependency array               react-hooks/exhaustive-deps
  Line 4173:63:  React Hook useEffect has a missing dependency: 'load'. Either include it or remove the dependency array               react-hooks/exhaustive-deps
  Line 4718:70:  React Hook useEffect has a missing dependency: 'loadPreview'. Either include it or remove the dependency array        react-hooks/exhaustive-deps
  Line 5015:67:  React Hook useEffect has missing dependencies: 'days' and 'load'. Either include them or remove the dependency array  react-hooks/exhaustive-deps
  Line 5430:69:  React Hook useEffect has a missing dependency: 'load'. Either include it or remove the dependency array               react-hooks/exhaustive-deps

src\components\admin\UsersTab.jsx
  Line 42:94:  React Hook useEffect has a missing dependency: 'refresh'. Either include it or remove the dependency array  react-hooks/exhaustive-deps

src\lib\seo.js
  Line 169:6:  React Hook useEffect has a missing dependency: 'jsonLd'. Either include it or remove the dependency array                                 react-hooks/exhaustive-deps
  Line 169:7:  React Hook useEffect has a complex expression in the dependency array. Extract it to a separate variable so it can be statically checked  react-hooks/exhaustive-deps

src\pages\AccountDeletePage.jsx
  Line 51:40:  React Hook useEffect has a missing dependency: 'loadStatus'. Either include it or remove the dependency array  react-hooks/exhaustive-deps

src\pages\CommunityPage.jsx
  Line 2979:66:  React Hook useEffect has a missing dependency: 'refresh'. Either include it or remove the dependency array                                                                                           react-hooks/exhaustive-deps
  Line 3337:35:  React Hook useEffect has a missing dependency: 'refresh'. Either include it or remove the dependency array                                                                                           react-hooks/exhaustive-deps
  Line 3592:9:   The 'messages' logical expression could make the dependencies of useEffect Hook (at line 3598) change on every render. To fix this, wrap the initialization of 'messages' in its own useMemo() Hook  react-hooks/exhaustive-deps
  Line 3664:6:   React Hook useEffect has a missing dependency: 'tokenForChannel'. Either include it or remove the dependency array                                                                                   react-hooks/exhaustive-deps

src\pages\MakerDashboard\CoachTab.jsx
  Line 48:6:  React Hook useEffect has a missing dependency: 'selectedSlug'. Either include it or remove the dependency array  react-hooks/exhaustive-deps

src\pages\MakerDashboard\PromoteWizard.jsx
  Line 116:6:  React Hook useEffect has missing dependencies: 'budgetCents' and 'goal'. Either include them or remove the dependency array  react-hooks/exhaustive-deps

Search for the keywords to learn more about each warning.
To ignore, add // eslint-disable-next-line to the line before.

[1m[33mWARNING[39m[22m in [1m[eslint] 
src\components\ShopHeroMosaic.jsx
  Line 95:5:  React Hook useMemo has a missing dependency: 'eligible'. Either include it or remove the dependency array  react-hooks/exhaustive-deps

src\components\admin\ActivationFunnelTab.jsx
  Line 85:6:  React Hook useEffect has a missing dependency: 'load'. Either include it or remove the dependency array  react-hooks/exhaustive-deps

src\components\admin\AdsTab.jsx
  Line 51:67:  React Hook useEffect has missing dependencies: 'days' and 'load'. Either include them or remove the dependency array  react-hooks/exhaustive-deps

src\components\admin\ChatModTab.jsx
  Line 59:81:  React Hook useEffect has a missing dependency: 'refreshMessages'. Either include it or remove the dependency array  react-hooks/exhaustive-deps

src\components\admin\DesignFileReportsTab.jsx
  Line 42:66:  React Hook useEffect has a missing dependency: 'refresh'. Either include it or remove the dependency array  react-hooks/exhaustive-deps

src\components\admin\FounderFunnelTab.jsx
  Line 42:69:  React Hook useEffect has a missing dependency: 'load'. Either include it or remove the dependency array  react-hooks/exhaustive-deps

src\components\admin\MsftRoasCard.jsx
  Line 37:66:  React Hook useEffect has a missing dependency: 'refresh'. Either include it or remove the dependency array  react-hooks/exhaustive-deps

src\components\admin\PayPalEventsTab.jsx
  Line 51:76:  React Hook useEffect has a missing dependency: 'load'. Either include it or remove the dependency array  react-hooks/exhaustive-deps

src\components\admin\PolicyManagementTab.jsx
  Line 58:32:  React Hook useEffect has a missing dependency: 'load'. Either include it or remove the dependency array  react-hooks/exhaustive-deps

src\components\admin\PricingLabelAbCard.jsx
  Line 31:36:  React Hook useEffect has a missing dependency: 'load'. Either include it or remove the dependency array  react-hooks/exhaustive-deps

src\components\admin\RefundApprovalsTab.jsx
  Line 34:63:  React Hook useEffect has a missing dependency: 'load'. Either include it or remove the dependency array  react-hooks/exhaustive-deps

src\components\admin\RetentionTab.jsx
  Line 46:68:  React Hook useEffect has a missing dependency: 'load'. Either include it or remove the dependency array                                                                                  react-hooks/exhaustive-deps
  Line 48:9:   The 'rows' logical expression could make the dependencies of useMemo Hook (at line 60) change on every render. To fix this, wrap the initialization of 'rows' in its own useMemo() Hook  react-hooks/exhaustive-deps

src\components\admin\SettingsTab.jsx
  Line 2310:94:  React Hook useEffect has a missing dependency: 'refresh'. Either include it or remove the dependency array            react-hooks/exhaustive-deps
  Line 3011:35:  React Hook useEffect has a missing dependency: 'refresh'. Either include it or remove the dependency array            react-hooks/exhaustive-deps
  Line 3194:63:  React Hook useEffect has a missing dependency: 'load'. Either include it or remove the dependency array               react-hooks/exhaustive-deps
  Line 3487:63:  React Hook useEffect has a missing dependency: 'load'. Either include it or remove the dependency array               react-hooks/exhaustive-deps
  Line 3706:63:  React Hook useEffect has a missing dependency: 'load'. Either include it or remove the dependency array               react-hooks/exhaustive-deps
  Line 3905:63:  React Hook useEffect has a missing dependency: 'load'. Either include it or remove the dependency array               react-hooks/exhaustive-deps
  Line 4173:63:  React Hook useEffect has a missing dependency: 'load'. Either include it or remove the dependency array               react-hooks/exhaustive-deps
  Line 4718:70:  React Hook useEffect has a missing dependency: 'loadPreview'. Either include it or remove the dependency array        react-hooks/exhaustive-deps
  Line 5015:67:  React Hook useEffect has missing dependencies: 'days' and 'load'. Either include them or remove the dependency array  react-hooks/exhaustive-deps
  Line 5430:69:  React Hook useEffect has a missing dependency: 'load'. Either include it or remove the dependency array               react-hooks/exhaustive-deps

src\components\admin\UsersTab.jsx
  Line 42:94:  React Hook useEffect has a missing dependency: 'refresh'. Either include it or remove the dependency array  react-hooks/exhaustive-deps

src\lib\seo.js
  Line 169:6:  React Hook useEffect has a missing dependency: 'jsonLd'. Either include it or remove the dependency array                                 react-hooks/exhaustive-deps
  Line 169:7:  React Hook useEffect has a complex expression in the dependency array. Extract it to a separate variable so it can be statically checked  react-hooks/exhaustive-deps

src\pages\AccountDeletePage.jsx
  Line 51:40:  React Hook useEffect has a missing dependency: 'loadStatus'. Either include it or remove the dependency array  react-hooks/exhaustive-deps

src\pages\CommunityPage.jsx
  Line 2979:66:  React Hook useEffect has a missing dependency: 'refresh'. Either include it or remove the dependency array                                                                                           react-hooks/exhaustive-deps
  Line 3337:35:  React Hook useEffect has a missing dependency: 'refresh'. Either include it or remove the dependency array                                                                                           react-hooks/exhaustive-deps
  Line 3592:9:   The 'messages' logical expression could make the dependencies of useEffect Hook (at line 3598) change on every render. To fix this, wrap the initialization of 'messages' in its own useMemo() Hook  react-hooks/exhaustive-deps
  Line 3664:6:   React Hook useEffect has a missing dependency: 'tokenForChannel'. Either include it or remove the dependency array                                                                                   react-hooks/exhaustive-deps

src\pages\MakerDashboard\CoachTab.jsx
  Line 48:6:  React Hook useEffect has a missing dependency: 'selectedSlug'. Either include it or remove the dependency array  react-hooks/exhaustive-deps

src\pages\MakerDashboard\PromoteWizard.jsx
  Line 116:6:  React Hook useEffect has missing dependencies: 'budgetCents' and 'goal'. Either include them or remove the dependency array  react-hooks/exhaustive-deps

[39m[22m

webpack compiled with [1m[33m1 warning[39m[22m
Compiling...
Compiled with warnings.

[eslint] 
src\components\ShopHeroMosaic.jsx
  Line 95:5:  React Hook useMemo has a missing dependency: 'eligible'. Either include it or remove the dependency array  react-hooks/exhaustive-deps

src\components\admin\ActivationFunnelTab.jsx
  Line 85:6:  React Hook useEffect has a missing dependency: 'load'. Either include it or remove the dependency array  react-hooks/exhaustive-deps

src\components\admin\AdsTab.jsx
  Line 51:67:  React Hook useEffect has missing dependencies: 'days' and 'load'. Either include them or remove the dependency array  react-hooks/exhaustive-deps

src\components\admin\ChatModTab.jsx
  Line 59:81:  React Hook useEffect has a missing dependency: 'refreshMessages'. Either include it or remove the dependency array  react-hooks/exhaustive-deps

src\components\admin\DesignFileReportsTab.jsx
  Line 42:66:  React Hook useEffect has a missing dependency: 'refresh'. Either include it or remove the dependency array  react-hooks/exhaustive-deps

src\components\admin\FounderFunnelTab.jsx
  Line 42:69:  React Hook useEffect has a missing dependency: 'load'. Either include it or remove the dependency array  react-hooks/exhaustive-deps

src\components\admin\MsftRoasCard.jsx
  Line 37:66:  React Hook useEffect has a missing dependency: 'refresh'. Either include it or remove the dependency array  react-hooks/exhaustive-deps

src\components\admin\PayPalEventsTab.jsx
  Line 51:76:  React Hook useEffect has a missing dependency: 'load'. Either include it or remove the dependency array  react-hooks/exhaustive-deps

src\components\admin\PolicyManagementTab.jsx
  Line 58:32:  React Hook useEffect has a missing dependency: 'load'. Either include it or remove the dependency array  react-hooks/exhaustive-deps

src\components\admin\PricingLabelAbCard.jsx
  Line 31:36:  React Hook useEffect has a missing dependency: 'load'. Either include it or remove the dependency array  react-hooks/exhaustive-deps

src\components\admin\RefundApprovalsTab.jsx
  Line 34:63:  React Hook useEffect has a missing dependency: 'load'. Either include it or remove the dependency array  react-hooks/exhaustive-deps

src\components\admin\RetentionTab.jsx
  Line 46:68:  React Hook useEffect has a missing dependency: 'load'. Either include it or remove the dependency array                                                                                  react-hooks/exhaustive-deps
  Line 48:9:   The 'rows' logical expression could make the dependencies of useMemo Hook (at line 60) change on every render. To fix this, wrap the initialization of 'rows' in its own useMemo() Hook  react-hooks/exhaustive-deps

src\components\admin\SettingsTab.jsx
  Line 2310:94:  React Hook useEffect has a missing dependency: 'refresh'. Either include it or remove the dependency array            react-hooks/exhaustive-deps
  Line 3011:35:  React Hook useEffect has a missing dependency: 'refresh'. Either include it or remove the dependency array            react-hooks/exhaustive-deps
  Line 3194:63:  React Hook useEffect has a missing dependency: 'load'. Either include it or remove the dependency array               react-hooks/exhaustive-deps
  Line 3487:63:  React Hook useEffect has a missing dependency: 'load'. Either include it or remove the dependency array               react-hooks/exhaustive-deps
  Line 3706:63:  React Hook useEffect has a missing dependency: 'load'. Either include it or remove the dependency array               react-hooks/exhaustive-deps
  Line 3905:63:  React Hook useEffect has a missing dependency: 'load'. Either include it or remove the dependency array               react-hooks/exhaustive-deps
  Line 4173:63:  React Hook useEffect has a missing dependency: 'load'. Either include it or remove the dependency array               react-hooks/exhaustive-deps
  Line 4718:70:  React Hook useEffect has a missing dependency: 'loadPreview'. Either include it or remove the dependency array        react-hooks/exhaustive-deps
  Line 5015:67:  React Hook useEffect has missing dependencies: 'days' and 'load'. Either include them or remove the dependency array  react-hooks/exhaustive-deps
  Line 5430:69:  React Hook useEffect has a missing dependency: 'load'. Either include it or remove the dependency array               react-hooks/exhaustive-deps

src\components\admin\UsersTab.jsx
  Line 42:94:  React Hook useEffect has a missing dependency: 'refresh'. Either include it or remove the dependency array  react-hooks/exhaustive-deps

src\lib\seo.js
  Line 169:6:  React Hook useEffect has a missing dependency: 'jsonLd'. Either include it or remove the dependency array                                 react-hooks/exhaustive-deps
  Line 169:7:  React Hook useEffect has a complex expression in the dependency array. Extract it to a separate variable so it can be statically checked  react-hooks/exhaustive-deps

src\pages\AccountDeletePage.jsx
  Line 51:40:  React Hook useEffect has a missing dependency: 'loadStatus'. Either include it or remove the dependency array  react-hooks/exhaustive-deps

src\pages\CommunityPage.jsx
  Line 2979:66:  React Hook useEffect has a missing dependency: 'refresh'. Either include it or remove the dependency array                                                                                           react-hooks/exhaustive-deps
  Line 3337:35:  React Hook useEffect has a missing dependency: 'refresh'. Either include it or remove the dependency array                                                                                           react-hooks/exhaustive-deps
  Line 3592:9:   The 'messages' logical expression could make the dependencies of useEffect Hook (at line 3598) change on every render. To fix this, wrap the initialization of 'messages' in its own useMemo() Hook  react-hooks/exhaustive-deps
  Line 3664:6:   React Hook useEffect has a missing dependency: 'tokenForChannel'. Either include it or remove the dependency array                                                                                   react-hooks/exhaustive-deps

src\pages\MakerDashboard\CoachTab.jsx
  Line 48:6:  React Hook useEffect has a missing dependency: 'selectedSlug'. Either include it or remove the dependency array  react-hooks/exhaustive-deps

src\pages\MakerDashboard\PromoteWizard.jsx
  Line 116:6:  React Hook useEffect has missing dependencies: 'budgetCents' and 'goal'. Either include them or remove the dependency array  react-hooks/exhaustive-deps

Search for the keywords to learn more about each warning.
To ignore, add // eslint-disable-next-line to the line before.

[1m[33mWARNING[39m[22m in [1m[eslint] 
src\components\ShopHeroMosaic.jsx
  Line 95:5:  React Hook useMemo has a missing dependency: 'eligible'. Either include it or remove the dependency array  react-hooks/exhaustive-deps

src\components\admin\ActivationFunnelTab.jsx
  Line 85:6:  React Hook useEffect has a missing dependency: 'load'. Either include it or remove the dependency array  react-hooks/exhaustive-deps

src\components\admin\AdsTab.jsx
  Line 51:67:  React Hook useEffect has missing dependencies: 'days' and 'load'. Either include them or remove the dependency array  react-hooks/exhaustive-deps

src\components\admin\ChatModTab.jsx
  Line 59:81:  React Hook useEffect has a missing dependency: 'refreshMessages'. Either include it or remove the dependency array  react-hooks/exhaustive-deps

src\components\admin\DesignFileReportsTab.jsx
  Line 42:66:  React Hook useEffect has a missing dependency: 'refresh'. Either include it or remove the dependency array  react-hooks/exhaustive-deps

src\components\admin\FounderFunnelTab.jsx
  Line 42:69:  React Hook useEffect has a missing dependency: 'load'. Either include it or remove the dependency array  react-hooks/exhaustive-deps

src\components\admin\MsftRoasCard.jsx
  Line 37:66:  React Hook useEffect has a missing dependency: 'refresh'. Either include it or remove the dependency array  react-hooks/exhaustive-deps

src\components\admin\PayPalEventsTab.jsx
  Line 51:76:  React Hook useEffect has a missing dependency: 'load'. Either include it or remove the dependency array  react-hooks/exhaustive-deps

src\components\admin\PolicyManagementTab.jsx
  Line 58:32:  React Hook useEffect has a missing dependency: 'load'. Either include it or remove the dependency array  react-hooks/exhaustive-deps

src\components\admin\PricingLabelAbCard.jsx
  Line 31:36:  React Hook useEffect has a missing dependency: 'load'. Either include it or remove the dependency array  react-hooks/exhaustive-deps

src\components\admin\RefundApprovalsTab.jsx
  Line 34:63:  React Hook useEffect has a missing dependency: 'load'. Either include it or remove the dependency array  react-hooks/exhaustive-deps

src\components\admin\RetentionTab.jsx
  Line 46:68:  React Hook useEffect has a missing dependency: 'load'. Either include it or remove the dependency array                                                                                  react-hooks/exhaustive-deps
  Line 48:9:   The 'rows' logical expression could make the dependencies of useMemo Hook (at line 60) change on every render. To fix this, wrap the initialization of 'rows' in its own useMemo() Hook  react-hooks/exhaustive-deps

src\components\admin\SettingsTab.jsx
  Line 2310:94:  React Hook useEffect has a missing dependency: 'refresh'. Either include it or remove the dependency array            react-hooks/exhaustive-deps
  Line 3011:35:  React Hook useEffect has a missing dependency: 'refresh'. Either include it or remove the dependency array            react-hooks/exhaustive-deps
  Line 3194:63:  React Hook useEffect has a missing dependency: 'load'. Either include it or remove the dependency array               react-hooks/exhaustive-deps
  Line 3487:63:  React Hook useEffect has a missing dependency: 'load'. Either include it or remove the dependency array               react-hooks/exhaustive-deps
  Line 3706:63:  React Hook useEffect has a missing dependency: 'load'. Either include it or remove the dependency array               react-hooks/exhaustive-deps
  Line 3905:63:  React Hook useEffect has a missing dependency: 'load'. Either include it or remove the dependency array               react-hooks/exhaustive-deps
  Line 4173:63:  React Hook useEffect has a missing dependency: 'load'. Either include it or remove the dependency array               react-hooks/exhaustive-deps
  Line 4718:70:  React Hook useEffect has a missing dependency: 'loadPreview'. Either include it or remove the dependency array        react-hooks/exhaustive-deps
  Line 5015:67:  React Hook useEffect has missing dependencies: 'days' and 'load'. Either include them or remove the dependency array  react-hooks/exhaustive-deps
  Line 5430:69:  React Hook useEffect has a missing dependency: 'load'. Either include it or remove the dependency array               react-hooks/exhaustive-deps

src\components\admin\UsersTab.jsx
  Line 42:94:  React Hook useEffect has a missing dependency: 'refresh'. Either include it or remove the dependency array  react-hooks/exhaustive-deps

src\lib\seo.js
  Line 169:6:  React Hook useEffect has a missing dependency: 'jsonLd'. Either include it or remove the dependency array                                 react-hooks/exhaustive-deps
  Line 169:7:  React Hook useEffect has a complex expression in the dependency array. Extract it to a separate variable so it can be statically checked  react-hooks/exhaustive-deps

src\pages\AccountDeletePage.jsx
  Line 51:40:  React Hook useEffect has a missing dependency: 'loadStatus'. Either include it or remove the dependency array  react-hooks/exhaustive-deps

src\pages\CommunityPage.jsx
  Line 2979:66:  React Hook useEffect has a missing dependency: 'refresh'. Either include it or remove the dependency array                                                                                           react-hooks/exhaustive-deps
  Line 3337:35:  React Hook useEffect has a missing dependency: 'refresh'. Either include it or remove the dependency array                                                                                           react-hooks/exhaustive-deps
  Line 3592:9:   The 'messages' logical expression could make the dependencies of useEffect Hook (at line 3598) change on every render. To fix this, wrap the initialization of 'messages' in its own useMemo() Hook  react-hooks/exhaustive-deps
  Line 3664:6:   React Hook useEffect has a missing dependency: 'tokenForChannel'. Either include it or remove the dependency array                                                                                   react-hooks/exhaustive-deps

src\pages\MakerDashboard\CoachTab.jsx
  Line 48:6:  React Hook useEffect has a missing dependency: 'selectedSlug'. Either include it or remove the dependency array  react-hooks/exhaustive-deps

src\pages\MakerDashboard\PromoteWizard.jsx
  Line 116:6:  React Hook useEffect has missing dependencies: 'budgetCents' and 'goal'. Either include them or remove the dependency array  react-hooks/exhaustive-deps

[39m[22m

webpack compiled with [1m[33m1 warning[39m[22m
Compiling...
Compiled with warnings.

[eslint] 
src\components\ShopHeroMosaic.jsx
  Line 95:5:  React Hook useMemo has a missing dependency: 'eligible'. Either include it or remove the dependency array  react-hooks/exhaustive-deps

src\components\admin\ActivationFunnelTab.jsx
  Line 85:6:  React Hook useEffect has a missing dependency: 'load'. Either include it or remove the dependency array  react-hooks/exhaustive-deps

src\components\admin\AdsTab.jsx
  Line 51:67:  React Hook useEffect has missing dependencies: 'days' and 'load'. Either include them or remove the dependency array  react-hooks/exhaustive-deps

src\components\admin\ChatModTab.jsx
  Line 59:81:  React Hook useEffect has a missing dependency: 'refreshMessages'. Either include it or remove the dependency array  react-hooks/exhaustive-deps

src\components\admin\DesignFileReportsTab.jsx
  Line 42:66:  React Hook useEffect has a missing dependency: 'refresh'. Either include it or remove the dependency array  react-hooks/exhaustive-deps

src\components\admin\FounderFunnelTab.jsx
  Line 42:69:  React Hook useEffect has a missing dependency: 'load'. Either include it or remove the dependency array  react-hooks/exhaustive-deps

src\components\admin\MsftRoasCard.jsx
  Line 37:66:  React Hook useEffect has a missing dependency: 'refresh'. Either include it or remove the dependency array  react-hooks/exhaustive-deps

src\components\admin\PayPalEventsTab.jsx
  Line 51:76:  React Hook useEffect has a missing dependency: 'load'. Either include it or remove the dependency array  react-hooks/exhaustive-deps

src\components\admin\PolicyManagementTab.jsx
  Line 58:32:  React Hook useEffect has a missing dependency: 'load'. Either include it or remove the dependency array  react-hooks/exhaustive-deps

src\components\admin\PricingLabelAbCard.jsx
  Line 31:36:  React Hook useEffect has a missing dependency: 'load'. Either include it or remove the dependency array  react-hooks/exhaustive-deps

src\components\admin\RefundApprovalsTab.jsx
  Line 34:63:  React Hook useEffect has a missing dependency: 'load'. Either include it or remove the dependency array  react-hooks/exhaustive-deps

src\components\admin\RetentionTab.jsx
  Line 46:68:  React Hook useEffect has a missing dependency: 'load'. Either include it or remove the dependency array                                                                                  react-hooks/exhaustive-deps
  Line 48:9:   The 'rows' logical expression could make the dependencies of useMemo Hook (at line 60) change on every render. To fix this, wrap the initialization of 'rows' in its own useMemo() Hook  react-hooks/exhaustive-deps

src\components\admin\SettingsTab.jsx
  Line 2310:94:  React Hook useEffect has a missing dependency: 'refresh'. Either include it or remove the dependency array            react-hooks/exhaustive-deps
  Line 3011:35:  React Hook useEffect has a missing dependency: 'refresh'. Either include it or remove the dependency array            react-hooks/exhaustive-deps
  Line 3194:63:  React Hook useEffect has a missing dependency: 'load'. Either include it or remove the dependency array               react-hooks/exhaustive-deps
  Line 3487:63:  React Hook useEffect has a missing dependency: 'load'. Either include it or remove the dependency array               react-hooks/exhaustive-deps
  Line 3706:63:  React Hook useEffect has a missing dependency: 'load'. Either include it or remove the dependency array               react-hooks/exhaustive-deps
  Line 3905:63:  React Hook useEffect has a missing dependency: 'load'. Either include it or remove the dependency array               react-hooks/exhaustive-deps
  Line 4173:63:  React Hook useEffect has a missing dependency: 'load'. Either include it or remove the dependency array               react-hooks/exhaustive-deps
  Line 4718:70:  React Hook useEffect has a missing dependency: 'loadPreview'. Either include it or remove the dependency array        react-hooks/exhaustive-deps
  Line 5015:67:  React Hook useEffect has missing dependencies: 'days' and 'load'. Either include them or remove the dependency array  react-hooks/exhaustive-deps
  Line 5430:69:  React Hook useEffect has a missing dependency: 'load'. Either include it or remove the dependency array               react-hooks/exhaustive-deps

src\components\admin\UsersTab.jsx
  Line 42:94:  React Hook useEffect has a missing dependency: 'refresh'. Either include it or remove the dependency array  react-hooks/exhaustive-deps

src\lib\seo.js
  Line 169:6:  React Hook useEffect has a missing dependency: 'jsonLd'. Either include it or remove the dependency array                                 react-hooks/exhaustive-deps
  Line 169:7:  React Hook useEffect has a complex expression in the dependency array. Extract it to a separate variable so it can be statically checked  react-hooks/exhaustive-deps

src\pages\AccountDeletePage.jsx
  Line 51:40:  React Hook useEffect has a missing dependency: 'loadStatus'. Either include it or remove the dependency array  react-hooks/exhaustive-deps

src\pages\CommunityPage.jsx
  Line 2979:66:  React Hook useEffect has a missing dependency: 'refresh'. Either include it or remove the dependency array                                                                                           react-hooks/exhaustive-deps
  Line 3337:35:  React Hook useEffect has a missing dependency: 'refresh'. Either include it or remove the dependency array                                                                                           react-hooks/exhaustive-deps
  Line 3592:9:   The 'messages' logical expression could make the dependencies of useEffect Hook (at line 3598) change on every render. To fix this, wrap the initialization of 'messages' in its own useMemo() Hook  react-hooks/exhaustive-deps
  Line 3664:6:   React Hook useEffect has a missing dependency: 'tokenForChannel'. Either include it or remove the dependency array                                                                                   react-hooks/exhaustive-deps

src\pages\MakerDashboard\CoachTab.jsx
  Line 48:6:  React Hook useEffect has a missing dependency: 'selectedSlug'. Either include it or remove the dependency array  react-hooks/exhaustive-deps

src\pages\MakerDashboard\PromoteWizard.jsx
  Line 116:6:  React Hook useEffect has missing dependencies: 'budgetCents' and 'goal'. Either include them or remove the dependency array  react-hooks/exhaustive-deps

Search for the keywords to learn more about each warning.
To ignore, add // eslint-disable-next-line to the line before.

[1m[33mWARNING[39m[22m in [1m[eslint] 
src\components\ShopHeroMosaic.jsx
  Line 95:5:  React Hook useMemo has a missing dependency: 'eligible'. Either include it or remove the dependency array  react-hooks/exhaustive-deps

src\components\admin\ActivationFunnelTab.jsx
  Line 85:6:  React Hook useEffect has a missing dependency: 'load'. Either include it or remove the dependency array  react-hooks/exhaustive-deps

src\components\admin\AdsTab.jsx
  Line 51:67:  React Hook useEffect has missing dependencies: 'days' and 'load'. Either include them or remove the dependency array  react-hooks/exhaustive-deps

src\components\admin\ChatModTab.jsx
  Line 59:81:  React Hook useEffect has a missing dependency: 'refreshMessages'. Either include it or remove the dependency array  react-hooks/exhaustive-deps

src\components\admin\DesignFileReportsTab.jsx
  Line 42:66:  React Hook useEffect has a missing dependency: 'refresh'. Either include it or remove the dependency array  react-hooks/exhaustive-deps

src\components\admin\FounderFunnelTab.jsx
  Line 42:69:  React Hook useEffect has a missing dependency: 'load'. Either include it or remove the dependency array  react-hooks/exhaustive-deps

src\components\admin\MsftRoasCard.jsx
  Line 37:66:  React Hook useEffect has a missing dependency: 'refresh'. Either include it or remove the dependency array  react-hooks/exhaustive-deps

src\components\admin\PayPalEventsTab.jsx
  Line 51:76:  React Hook useEffect has a missing dependency: 'load'. Either include it or remove the dependency array  react-hooks/exhaustive-deps

src\components\admin\PolicyManagementTab.jsx
  Line 58:32:  React Hook useEffect has a missing dependency: 'load'. Either include it or remove the dependency array  react-hooks/exhaustive-deps

src\components\admin\PricingLabelAbCard.jsx
  Line 31:36:  React Hook useEffect has a missing dependency: 'load'. Either include it or remove the dependency array  react-hooks/exhaustive-deps

src\components\admin\RefundApprovalsTab.jsx
  Line 34:63:  React Hook useEffect has a missing dependency: 'load'. Either include it or remove the dependency array  react-hooks/exhaustive-deps

src\components\admin\RetentionTab.jsx
  Line 46:68:  React Hook useEffect has a missing dependency: 'load'. Either include it or remove the dependency array                                                                                  react-hooks/exhaustive-deps
  Line 48:9:   The 'rows' logical expression could make the dependencies of useMemo Hook (at line 60) change on every render. To fix this, wrap the initialization of 'rows' in its own useMemo() Hook  react-hooks/exhaustive-deps

src\components\admin\SettingsTab.jsx
  Line 2310:94:  React Hook useEffect has a missing dependency: 'refresh'. Either include it or remove the dependency array            react-hooks/exhaustive-deps
  Line 3011:35:  React Hook useEffect has a missing dependency: 'refresh'. Either include it or remove the dependency array            react-hooks/exhaustive-deps
  Line 3194:63:  React Hook useEffect has a missing dependency: 'load'. Either include it or remove the dependency array               react-hooks/exhaustive-deps
  Line 3487:63:  React Hook useEffect has a missing dependency: 'load'. Either include it or remove the dependency array               react-hooks/exhaustive-deps
  Line 3706:63:  React Hook useEffect has a missing dependency: 'load'. Either include it or remove the dependency array               react-hooks/exhaustive-deps
  Line 3905:63:  React Hook useEffect has a missing dependency: 'load'. Either include it or remove the dependency array               react-hooks/exhaustive-deps
  Line 4173:63:  React Hook useEffect has a missing dependency: 'load'. Either include it or remove the dependency array               react-hooks/exhaustive-deps
  Line 4718:70:  React Hook useEffect has a missing dependency: 'loadPreview'. Either include it or remove the dependency array        react-hooks/exhaustive-deps
  Line 5015:67:  React Hook useEffect has missing dependencies: 'days' and 'load'. Either include them or remove the dependency array  react-hooks/exhaustive-deps
  Line 5430:69:  React Hook useEffect has a missing dependency: 'load'. Either include it or remove the dependency array               react-hooks/exhaustive-deps

src\components\admin\UsersTab.jsx
  Line 42:94:  React Hook useEffect has a missing dependency: 'refresh'. Either include it or remove the dependency array  react-hooks/exhaustive-deps

src\lib\seo.js
  Line 169:6:  React Hook useEffect has a missing dependency: 'jsonLd'. Either include it or remove the dependency array                                 react-hooks/exhaustive-deps
  Line 169:7:  React Hook useEffect has a complex expression in the dependency array. Extract it to a separate variable so it can be statically checked  react-hooks/exhaustive-deps

src\pages\AccountDeletePage.jsx
  Line 51:40:  React Hook useEffect has a missing dependency: 'loadStatus'. Either include it or remove the dependency array  react-hooks/exhaustive-deps

src\pages\CommunityPage.jsx
  Line 2979:66:  React Hook useEffect has a missing dependency: 'refresh'. Either include it or remove the dependency array                                                                                           react-hooks/exhaustive-deps
  Line 3337:35:  React Hook useEffect has a missing dependency: 'refresh'. Either include it or remove the dependency array                                                                                           react-hooks/exhaustive-deps
  Line 3592:9:   The 'messages' logical expression could make the dependencies of useEffect Hook (at line 3598) change on every render. To fix this, wrap the initialization of 'messages' in its own useMemo() Hook  react-hooks/exhaustive-deps
  Line 3664:6:   React Hook useEffect has a missing dependency: 'tokenForChannel'. Either include it or remove the dependency array                                                                                   react-hooks/exhaustive-deps

src\pages\MakerDashboard\CoachTab.jsx
  Line 48:6:  React Hook useEffect has a missing dependency: 'selectedSlug'. Either include it or remove the dependency array  react-hooks/exhaustive-deps

src\pages\MakerDashboard\PromoteWizard.jsx
  Line 116:6:  React Hook useEffect has missing dependencies: 'budgetCents' and 'goal'. Either include them or remove the dependency array  react-hooks/exhaustive-deps

[39m[22m

webpack compiled with [1m[33m1 warning[39m[22m
